"Date","Price","Open","High","Low","Vol.","Change..","log_return"
"30/12/2018",10767.69,"10,477.77","10,786.34","10,386.97","267.73M","1.98%",0.0195751949038238
"23/12/2018",10558.96,"10,607.42","10,635.45","10,279.20","161.60M","-0.70%",-0.00706469952076409
"16/12/2018",10633.82,"10,852.99","10,886.80","10,512.64","636.09M","-2.13%",-0.0215779928621079
"09/12/2018",10865.77,"10,726.17","10,988.77","10,585.77","509.29M","0.72%",0.00717473311697485
"02/12/2018",10788.09,"11,534.75","11,566.97","10,762.41","506.02M","-4.17%",-0.0425687293673348
"25/11/2018",11257.24,"11,315.90","11,403.72","11,208.60","452.82M","0.58%",0.00575059057067299
"18/11/2018",11192.69,"11,384.00","11,419.55","11,009.25","431.82M","-1.31%",-0.0131635911909553
"11/11/2018",11341,"11,591.59","11,598.51","11,233.21","525.30M","-1.63%",-0.0164550003679889
"04/11/2018",11529.16,"11,522.33","11,648.79","11,418.35","436.95M","0.09%",0.000882500388104029
"28/10/2018",11518.99,"11,270.67","11,689.96","11,212.58","550.60M","2.84%",0.0280278439013224
"21/10/2018",11200.62,"11,665.68","11,677.45","11,051.04","583.00M","-3.06%",-0.0310478498199453
"14/10/2018",11553.83,"11,523.81","11,847.79","11,459.08","491.94M","0.26%",0.00260165397612466
"07/10/2018",11523.81,"12,044.96","12,072.27","11,514.55","529.39M","-4.86%",-0.0497731106306643
"30/09/2018",12111.9,"12,265.89","12,373.29","12,103.55","365.40M","-1.10%",-0.0110705221944884
"23/09/2018",12246.73,"12,383.42","12,456.69","12,190.57","444.58M","-1.48%",-0.0149247368961164
"16/09/2018",12430.88,"12,056.38","12,458.30","12,040.80","785.83M","2.53%",0.0249695219120221
"09/09/2018",12124.33,"11,950.55","12,134.54","11,865.47","474.91M","1.38%",0.0136773659757293
"02/09/2018",11959.63,"12,338.36","12,402.87","11,888.57","447.39M","-3.27%",-0.0332570654674481
"26/08/2018",12364.06,"12,462.75","12,597.02","12,348.91","358.00M","-0.25%",-0.00246056238831153
"19/08/2018",12394.52,"12,263.01","12,444.35","12,245.56","338.33M","1.51%",0.014954107291693
"12/08/2018",12210.55,"12,346.75","12,461.82","12,120.65","455.68M","-1.72%",-0.017357924577813
"05/08/2018",12424.35,"12,631.40","12,738.53","12,390.40","447.90M","-1.52%",-0.0152885692865451
"29/07/2018",12615.76,"12,822.87","12,860.59","12,493.20","467.38M","-1.90%",-0.0192059965072958
"22/07/2018",12860.4,"12,510.23","12,886.83","12,489.33","451.19M","2.38%",0.0235226105504189
"15/07/2018",12561.42,"12,530.98","12,778.96","12,469.50","472.89M","0.16%",0.0016484647478653
"08/07/2018",12540.73,"12,541.74","12,639.79","12,398.47","405.91M","0.36%",0.00355954986834567
"01/07/2018",12496.17,"12,147.94","12,516.51","12,132.72","514.67M","1.55%",0.0153352490398864
"24/06/2018",12306,"12,497.48","12,518.89","12,104.41","525.94M","-2.18%",-0.0219990451546235
"17/06/2018",12579.72,"12,945.53","12,982.92","12,472.98","490.83M","-3.31%",-0.0336745733308657
"10/06/2018",13010.55,"12,816.32","13,170.05","12,751.66","730.75M","1.91%",0.0189320977082535
"03/06/2018",12766.55,"12,839.44","12,925.24","12,610.68","524.21M","0.33%",0.0033172756915526
"27/05/2018",12724.27,"13,016.55","13,040.63","12,547.61","674.29M","-1.65%",-0.0166582971345021
"20/05/2018",12938.01,"13,132.56","13,204.31","12,801.82","476.66M","-1.07%",-0.0107405283698738
"13/05/2018",13077.72,"13,009.83","13,133.19","12,918.29","519.81M","0.59%",0.00586528138025944
"06/05/2018",13001.24,"12,827.43","13,034.21","12,813.55","431.85M","1.42%",0.0140694877703931
"29/04/2018",12819.6,"12,606.27","12,827.54","12,563.74","417.86M","1.90%",0.0187978434839859
"22/04/2018",12580.87,"12,538.16","12,647.16","12,312.27","535.89M","0.32%",0.00321399945553429
"15/04/2018",12540.5,"12,478.99","12,640.25","12,375.63","426.17M","0.79%",0.0078534120699716
"08/04/2018",12442.4,"12,311.02","12,523.97","12,205.39","447.63M","1.64%",0.0162969648766052
"01/04/2018",12241.27,"11,997.47","12,322.37","11,792.35","410.96M","1.19%",0.0118778617263504
"25/03/2018",12096.73,"11,919.64","12,151.31","11,726.62","436.62M","1.77%",0.0175478504370754
"18/03/2018",11886.31,"12,346.51","12,369.77","11,818.70","580.60M","-4.06%",-0.0414684790532234
"11/03/2018",12389.58,"12,453.30","12,459.90","12,162.47","713.80M","0.35%",0.00346859573851296
"04/03/2018",12346.68,"11,831.57","12,407.98","11,830.98","516.73M","3.63%",0.0356973632239445
"25/02/2018",11913.71,"12,566.05","12,601.46","11,877.66","511.05M","-4.57%",-0.0467411649365407
"18/02/2018",12483.79,"12,495.07","12,513.32","12,283.70","453.12M","0.26%",0.00255296249665475
"11/02/2018",12451.96,"12,238.63","12,484.12","12,075.21","578.87M","2.85%",0.028054596813628
"04/02/2018",12107.48,"12,687.79","12,752.60","12,003.36","826.88M","-5.30%",-0.0544616799052597
"28/01/2018",12785.16,"13,358.90","13,370.02","12,782.07","587.19M","-4.16%",-0.0424946607039983
"21/01/2018",13340.17,"13,435.14","13,596.89","13,222.47","494.71M","-0.70%",-0.00704251934611163
"14/01/2018",13434.45,"13,244.37","13,445.47","13,137.51","443.36M","1.43%",0.0141999156534454
"07/01/2018",13245.03,"13,399.62","13,425.02","13,151.84","524.31M","-0.56%",-0.00561724999284884
"31/12/2017",13319.64,"12,897.69","13,332.80","12,745.15","396.51M","3.11%",0.0306458185890566
"24/12/2017",12917.64,"13,070.19","13,128.74","12,911.73","134.02M","-1.19%",-0.0119391516771565
"17/12/2017",13072.79,"13,211.63","13,338.91","13,013.63","382.08M","-0.23%",-0.00235097820531889
"10/12/2017",13103.56,"13,181.85","13,192.42","13,008.07","590.03M","-0.38%",-0.00381913885488516
"03/12/2017",13153.7,"13,038.77","13,240.92","12,864.68","445.77M","2.27%",0.0224655126289011
"26/11/2017",12861.49,"13,036.74","13,196.15","12,810.13","478.25M","-1.52%",-0.0153042973853118
"19/11/2017",13059.84,"12,932.81","13,209.01","12,921.15","416.96M","0.51%",0.0050749392032317
"12/11/2017",12993.73,"13,150.78","13,163.94","12,847.88","542.51M","-1.02%",-0.0102400478268094
"05/11/2017",13127.47,"13,459.42","13,525.56","13,111.65","551.59M","-2.61%",-0.0264155509267303
"29/10/2017",13478.86,"13,227.85","13,505.01","13,214.60","388.84M","1.98%",0.0195777967612105
"22/10/2017",13217.54,"13,014.57","13,249.03","12,931.22","474.72M","1.74%",0.0172663722493549
"15/10/2017",12991.28,"13,017.18","13,094.76","12,911.58","358.25M","0.00%",-4.54140471883816e-05
"08/10/2017",12991.87,"12,975.86","13,036.74","12,909.28","351.95M","0.28%",0.00276940697223412
"01/10/2017",12955.94,"12,866.27","12,993.53","12,849.59","349.97M","0.99%",0.00985704980747466
"24/09/2017",12828.86,"12,573.35","12,828.86","12,551.87","434.46M","1.88%",0.0186078337174871
"17/09/2017",12592.35,"12,593.55","12,646.56","12,518.22","424.27M","0.59%",0.00585717348313915
"10/09/2017",12518.81,"12,381.52","12,565.85","12,381.33","532.82M","1.75%",0.0173095259569688
"03/09/2017",12303.98,"12,051.80","12,363.60","12,050.53","358.22M","1.33%",0.0131995623521499
"27/08/2017",12142.64,"12,105.49","12,191.23","11,868.84","352.34M","-0.21%",-0.00208139905619433
"20/08/2017",12167.94,"12,105.72","12,269.92","12,021.70","330.80M","0.02%",0.000226029286960462
"13/08/2017",12165.19,"12,100.17","12,301.40","12,080.74","375.95M","1.26%",0.0125009641024415
"06/08/2017",12014.06,"12,305.74","12,336.00","11,934.92","449.18M","-2.31%",-0.0233362487533769
"30/07/2017",12297.72,"12,141.53","12,321.98","12,092.06","447.28M","1.11%",0.0110399879777504
"23/07/2017",12162.7,"12,228.63","12,341.03","12,098.57","447.08M","-0.63%",-0.00634028766836006
"16/07/2017",12240.06,"12,652.37","12,656.13","12,190.89","466.11M","-3.10%",-0.031496931746921
"09/07/2017",12631.72,"12,464.96","12,676.52","12,406.20","398.14M","1.96%",0.0194279583446118
"02/07/2017",12388.68,"12,396.34","12,496.82","12,316.43","428.48M","0.52%",0.00514369624558627
"25/06/2017",12325.12,"12,783.89","12,841.31","12,319.00","513.59M","-3.21%",-0.0325897916790296
"18/06/2017",12733.41,"12,849.99","12,951.54","12,677.40","386.32M","-0.15%",-0.00151611846287983
"11/06/2017",12752.73,"12,760.39","12,921.17","12,620.90","628.08M","-0.49%",-0.00492717606536988
"04/06/2017",12815.72,"12,768.46","12,821.03","12,640.52","405.09M","-0.06%",-0.00056321197682363
"28/05/2017",12822.94,"12,588.80","12,878.59","12,567.22","434.30M","1.75%",0.0173659395088476
"21/05/2017",12602.18,"12,664.97","12,703.74","12,529.51","375.13M","-0.29%",-0.00289292924235969
"14/05/2017",12638.69,"12,824.05","12,841.66","12,489.95","521.78M","-1.03%",-0.0103680319213658
"07/05/2017",12770.41,"12,758.48","12,783.23","12,659.70","534.79M","0.42%",0.00419974486625247
"30/04/2017",12716.89,"12,478.46","12,718.66","12,433.51","382.99M","2.24%",0.0221739244932474
"23/04/2017",12438.01,"12,296.56","12,486.29","12,289.37","585.78M","3.23%",0.0318111259737624
"16/04/2017",12048.57,"12,135.61","12,162.47","11,941.57","370.68M","-0.50%",-0.0050029970768379
"09/04/2017",12109,"12,244.50","12,246.88","12,049.93","294.98M","-0.95%",-0.00953896555212253
"02/04/2017",12225.06,"12,368.82","12,375.58","12,119.04","444.10M","-0.71%",-0.00715711348376187
"26/03/2017",12312.87,"11,957.65","12,313.29","11,916.07","490.74M","2.06%",0.0203968651563511
"19/03/2017",12064.27,"12,050.81","12,111.24","11,850.27","538.69M","-0.26%",-0.0025637951236538
"12/03/2017",12095.24,"11,954.80","12,156.44","11,930.38","607.19M","1.10%",0.0109783873067995
"05/03/2017",11963.18,"11,956.81","12,067.07","11,917.78","493.88M","-0.53%",-0.00535045506342424
"26/02/2017",12027.36,"11,858.14","12,082.59","11,780.83","433.24M","1.89%",0.0187430559432254
"19/02/2017",11804.03,"11,831.71","12,031.11","11,722.35","402.61M","0.40%",0.00399048959042834
"12/02/2017",11757.02,"11,697.99","11,848.04","11,684.91","409.66M","0.77%",0.00768873651507734
"05/02/2017",11666.97,"11,628.03","11,711.55","11,479.78","455.07M","0.13%",0.00132770365401545
"29/01/2017",11651.49,"11,786.31","11,792.33","11,535.31","458.77M","-1.38%",-0.0138740540353264
"22/01/2017",11814.27,"11,545.97","11,893.08","11,508.83","452.12M","1.58%",0.0157089784085588
"15/01/2017",11630.13,"11,537.45","11,644.88","11,425.14","439.28M","0.01%",8.1687719930296e-05
"08/01/2017",11629.18,"11,606.89","11,692.27","11,491.87","455.34M","0.26%",0.00259770709347571
"01/01/2017",11599.01,"11,426.38","11,637.37","11,414.82","371.19M","1.03%",0.010221028519029
"25/12/2016",11481.06,"11,457.91","11,481.66","11,404.82","164.90M","0.27%",0.00271510467918372
"18/12/2016",11449.93,"11,384.03","11,480.18","11,380.12","332.46M","0.40%",0.00401856850909853
"11/12/2016",11404.01,"11,198.42","11,451.57","11,141.86","617.12M","1.79%",0.0177272150028127
"04/12/2016",11203.63,"10,494.64","11,231.69","10,493.62","685.68M","6.57%",0.0635919547784832
"27/11/2016",10513.35,"10,655.92","10,691.67","10,402.59","446.82M","-1.74%",-0.0175296366873632
"20/11/2016",10699.27,"10,697.95","10,767.73","10,595.14","371.79M","0.33%",0.00324942021548828
"13/11/2016",10664.56,"10,750.62","10,802.39","10,604.32","545.78M","-0.03%",-0.000317824768725082
"06/11/2016",10667.95,"10,410.56","10,793.97","10,174.92","661.49M","3.98%",0.0390758785689892
"30/10/2016",10259.13,"10,658.67","10,730.48","10,212.53","416.77M","-4.09%",-0.0417195624661735
"23/10/2016",10696.19,"10,743.87","10,827.72","10,583.57","407.45M","-0.14%",-0.00135843944256875
"16/10/2016",10710.73,"10,544.69","10,748.41","10,491.28","421.94M","1.23%",0.0122447001250455
"09/10/2016",10580.38,"10,496.01","10,692.36","10,349.06","490.08M","0.85%",0.00849694072075903
"02/10/2016",10490.86,"10,492.97","10,646.72","10,465.35","462.19M","-0.19%",-0.00191982871933818
"25/09/2016",10511.02,"10,555.19","10,575.34","10,189.94","596.72M","-1.09%",-0.0109708787806141
"18/09/2016",10626.97,"10,349.87","10,705.40","10,326.75","394.83M","3.41%",0.0335674868756509
"11/09/2016",10276.17,"10,380.46","10,507.04","10,262.19","654.54M","-2.81%",-0.0285175738071361
"04/09/2016",10573.44,"10,712.17","10,780.42","10,539.31","400.78M","-1.03%",-0.0103852511631437
"28/08/2016",10683.82,"10,503.88","10,693.64","10,441.81","375.26M","0.91%",0.00903088605921397
"21/08/2016",10587.77,"10,528.88","10,656.25","10,443.48","285.73M","0.41%",0.00410844160629544
"14/08/2016",10544.36,"10,719.14","10,802.32","10,490.96","306.18M","-1.58%",-0.0159069748071494
"07/08/2016",10713.43,"10,407.50","10,742.84","10,403.47","383.60M","3.34%",0.0328501539056158
"31/07/2016",10367.21,"10,426.36","10,459.34","10,092.53","461.57M","0.29%",0.00286988036939297
"24/07/2016",10337.5,"10,155.20","10,381.90","10,125.22","413.82M","1.87%",0.0185546324842636
"17/07/2016",10147.46,"10,079.03","10,195.65","9,923.64","380.00M","0.80%",0.00797061361350926
"10/07/2016",10066.9,"9,744.80","10,109.86","9,690.18","469.16M","4.54%",0.0444048953996576
"03/07/2016",9629.66,"9,797.66","9,808.99","9,304.01","500.86M","-1.50%",-0.0150947584606073
"26/06/2016",9776.12,"9,516.92","9,806.47","9,214.10","701.13M","2.29%",0.0226520655137524
"19/06/2016",9557.16,"9,850.59","10,340.84","9,226.15","693.28M","-0.77%",-0.00773382937692823
"12/06/2016",9631.36,"9,715.78","9,755.23","9,432.87","547.89M","-2.07%",-0.0208843723993476
"05/06/2016",9834.62,"10,105.09","10,312.53","9,819.12","426.93M","-2.66%",-0.0269493304691666
"29/05/2016",10103.26,"10,293.43","10,365.24","10,040.87","355.52M","-1.78%",-0.0179557409056269
"22/05/2016",10286.31,"9,891.38","10,298.76","9,773.80","398.93M","3.73%",0.0366622538370777
"15/05/2016",9916.02,"10,016.79","10,080.31","9,773.72","347.08M","-0.37%",-0.00371233487828409
"08/05/2016",9952.9,"9,929.19","10,106.93","9,767.94","448.72M","0.84%",0.00836917841508051
"01/05/2016",9869.95,"10,091.17","10,153.90","9,737.00","455.63M","-1.68%",-0.0169797317830425
"24/04/2016",10038.97,"10,379.16","10,399.30","10,038.97","459.67M","-3.22%",-0.0327789939963265
"17/04/2016",10373.49,"9,933.70","10,474.38","9,920.90","449.29M","3.20%",0.0315246721461432
"10/04/2016",10051.57,"9,595.56","10,098.44","9,524.66","425.08M","4.46%",0.0436496768881941
"03/04/2016",9622.26,"9,789.77","9,907.05","9,484.75","421.32M","-1.76%",-0.0177561329539834
"27/03/2016",9794.64,"9,900.88","10,097.70","9,675.50","339.22M","-0.58%",-0.00577320435482371
"20/03/2016",9851.35,"9,893.26","10,112.17","9,762.57","317.24M","-1.00%",-0.0100444483182154
"13/03/2016",9950.8,"9,948.21","10,055.29","9,753.04","586.84M","1.22%",0.0120990681743683
"06/03/2016",9831.13,"9,764.08","9,995.84","9,498.15","571.26M","0.07%",0.000708205958789781
"28/02/2016",9824.17,"9,424.93","9,899.11","9,332.42","478.48M","3.27%",0.0321548562951225
"21/02/2016",9513.3,"9,481.37","9,581.45","9,125.19","483.67M","1.33%",0.0132532155975895
"14/02/2016",9388.05,"9,163.54","9,551.87","9,079.19","595.45M","4.69%",0.0458295583609357
"07/02/2016",8967.51,"9,329.87","9,337.52","8,699.29","765.20M","-3.43%",-0.0349246121979818
"31/01/2016",9286.23,"9,823.73","9,827.10","9,250.84","594.30M","-5.22%",-0.05365685217468
"24/01/2016",9798.11,"9,790.44","9,905.08","9,563.64","534.88M","0.34%",0.00339723446768699
"17/01/2016",9764.88,"9,542.60","9,837.62","9,314.57","607.56M","2.30%",0.0227465316277239
"10/01/2016",9545.27,"9,814.04","10,164.05","9,459.09","569.29M","-3.09%",-0.0313587040239868
"03/01/2016",9849.34,"10,485.81","10,485.91","9,810.47","521.86M","-8.32%",-0.0868508626597428
"27/12/2015",10743.01,"10,748.37","10,860.14","10,627.46","123.92M","0.14%",0.00143172215331054
"20/12/2015",10727.64,"10,607.20","10,796.03","10,400.61","212.57M","1.13%",0.0111972440756826
"13/12/2015",10608.19,"10,406.71","10,829.62","10,122.95","596.06M","2.59%",0.0256006725222869
"06/12/2015",10340.06,"10,832.42","10,992.55","10,294.25","437.15M","-3.83%",-0.0390754125614038
"29/11/2015",10752.1,"11,268.31","11,430.87","10,632.77","566.39M","-4.80%",-0.0491492764707177
"22/11/2015",11293.76,"11,105.92","11,366.37","10,869.20","388.20M","1.56%",0.0155203598677063
"15/11/2015",11119.83,"10,609.14","11,164.30","10,608.83","360.96M","3.84%",0.0377015207269645
"08/11/2015",10708.4,"10,993.24","10,995.48","10,607.46","420.80M","-2.54%",-0.025778018271655
"01/11/2015",10988.03,"10,749.98","11,055.45","10,744.37","466.82M","1.27%",0.0126285153514545
"25/10/2015",10850.14,"10,791.18","10,886.98","10,691.63","457.43M","0.52%",0.00513753239070768
"18/10/2015",10794.54,"10,084.61","10,847.47","10,080.19","440.64M","6.83%",0.0660665091926632
"11/10/2015",10104.43,"10,128.49","10,187.09","9,890.46","497.88M","0.08%",0.000775208035641579
"04/10/2015",10096.6,"9,691.65","10,146.88","9,647.17","548.00M","5.69%",0.055336164707905
"27/09/2015",9553.07,"9,633.68","9,788.27","9,325.05","577.76M","-1.40%",-0.0140801428061541
"20/09/2015",9688.53,"9,837.13","10,000.62","9,362.28","669.37M","-2.30%",-0.0232230379730256
"13/09/2015",9916.16,"10,112.90","10,336.20","9,861.51","746.21M","-2.05%",-0.0206996310745501
"06/09/2015",10123.56,"10,148.80","10,512.61","10,055.14","442.87M","0.85%",0.00848350457349742
"30/08/2015",10038.04,"10,200.98","10,380.36","9,928.65","546.02M","-2.53%",-0.0256192905213977
"23/08/2015",10298.53,"9,805.72","10,382.95","9,338.20","833.65M","1.72%",0.0170409621423127
"16/08/2015",10124.52,"11,044.75","11,113.79","10,124.52","484.98M","-7.83%",-0.0815832459457302
"09/08/2015",10985.14,"11,545.63","11,618.30","10,892.88","426.88M","-4.40%",-0.0450058755721478
"02/08/2015",11490.83,"11,295.50","11,669.86","11,248.27","356.87M","1.61%",0.0159513413419889
"26/07/2015",11308.99,"11,287.77","11,313.27","11,052.86","418.67M","-0.34%",-0.00339506444457353
"19/07/2015",11347.45,"11,679.47","11,802.37","11,334.77","331.96M","-2.79%",-0.0283214134090995
"12/07/2015",11673.42,"11,489.17","11,787.58","11,414.39","382.81M","3.16%",0.0311295066523319
"05/07/2015",11315.63,"10,825.06","11,339.78","10,652.79","494.61M","2.33%",0.022995539961009
"28/06/2015",11058.39,"11,404.71","11,409.81","10,897.97","535.33M","-3.78%",-0.0384991418731796
"21/06/2015",11492.43,"11,138.71","11,635.85","11,138.55","473.31M","4.10%",0.040154458971889
"14/06/2015",11040.1,"11,053.21","11,246.27","10,797.85","564.95M","-1.40%",-0.0140662375471616
"07/06/2015",11196.49,"11,131.86","11,452.94","10,864.68","485.38M","-0.01%",-5.89453077026158e-05
"31/05/2015",11197.15,"11,462.97","11,515.21","11,155.01","449.89M","-1.90%",-0.0191656202494758
"24/05/2015",11413.82,"11,841.48","11,920.31","11,403.82","406.04M","-3.40%",-0.0345458551369506
"17/05/2015",11815.01,"11,464.80","11,881.81","11,378.86","382.66M","3.21%",0.0316404493133241
"10/05/2015",11447.03,"11,674.52","11,702.13","11,218.54","456.68M","-2.24%",-0.0226898124208425
"03/05/2015",11709.73,"11,506.84","11,751.22","11,167.55","534.05M","2.23%",0.0220479305234087
"26/04/2015",11454.38,"11,881.25","12,050.71","11,331.37","490.02M","-3.02%",-0.0306464109193232
"19/04/2015",11810.85,"11,736.40","12,079.03","11,675.58","409.37M","1.05%",0.0103960373826607
"12/04/2015",11688.7,"12,357.27","12,388.13","11,674.59","440.87M","-5.54%",-0.0570339268939124
"05/04/2015",12374.73,"12,057.34","12,390.75","12,017.80","304.29M","3.40%",0.0334710393531078
"29/03/2015",11967.39,"11,927.14","12,119.71","11,880.19","326.53M","0.83%",0.00831194277529891
"22/03/2015",11868.33,"11,984.79","12,030.59","11,619.72","485.72M","-1.42%",-0.0143086050237396
"15/03/2015",12039.37,"11,955.82","12,219.05","11,787.30","622.71M","1.16%",0.0115084278465416
"08/03/2015",11901.61,"11,510.35","11,903.33","11,402.67","495.79M","3.04%",0.0299042689582701
"01/03/2015",11550.97,"11,408.28","11,600.37","11,193.30","411.22M","1.31%",0.0130104572905941
"22/02/2015",11401.66,"11,150.47","11,401.66","11,069.77","419.27M","3.18%",0.0312706139962596
"15/02/2015",11050.64,"10,946.88","11,081.81","10,765.02","434.37M","0.80%",0.00792589244856996
"08/02/2015",10963.4,"10,765.21","11,013.85","10,594.32","472.91M","1.08%",0.0107301466607661
"01/02/2015",10846.39,"10,719.18","10,984.69","10,677.39","499.86M","1.42%",0.0141195463289127
"25/01/2015",10694.32,"10,592.97","10,810.57","10,552.76","543.11M","0.42%",0.00419230464226286
"18/01/2015",10649.58,"10,231.58","10,704.32","10,149.77","624.97M","4.74%",0.046297541111019
"11/01/2015",10167.77,"9,697.46","10,207.97","9,622.32","631.65M","5.38%",0.0524204507927794
"04/01/2015",9648.5,"9,735.65","9,860.18","9,382.82","507.12M","-1.19%",-0.0119744513225215
"28/12/2014",9764.73,"9,914.87","9,927.85","9,687.26","149.58M","-1.59%",-0.0159886861151088
"21/12/2014",9922.11,"9,827.26","9,924.01","9,826.55","109.34M","1.38%",0.013714712910829
"14/12/2014",9786.96,"9,599.82","9,901.26","9,219.05","680.32M","2.00%",0.01983689797341
"07/12/2014",9594.73,"10,060.91","10,084.95","9,586.22","461.03M","-4.88%",-0.050045373094717
"30/11/2014",10087.12,"9,915.74","10,093.03","9,835.42","480.48M","1.06%",0.0105911054651153
"23/11/2014",9980.85,"9,722.31","9,992.67","9,711.77","488.12M","2.55%",0.0251923191218399
"16/11/2014",9732.55,"9,162.27","9,736.14","9,161.60","467.90M","5.18%",0.0505345990530002
"09/11/2014",9252.94,"9,233.87","9,400.90","9,170.28","403.75M","-0.42%",-0.00419418057058354
"02/11/2014",9291.83,"9,305.73","9,467.36","9,148.78","479.62M","-0.38%",-0.00376396218520436
"26/10/2014",9326.87,"9,080.80","9,339.33","8,837.66","523.00M","3.77%",0.0370313794341193
"19/10/2014",8987.8,"8,819.26","9,068.12","8,644.71","526.55M","1.55%",0.0154201351550544
"12/10/2014",8850.27,"8,703.85","8,872.40","8,354.97","788.93M","0.70%",0.00696864561170845
"05/10/2014",8788.81,"9,341.05","9,343.65","8,788.21","587.39M","-4.42%",-0.0452544871400009
"28/09/2014",9195.68,"9,495.58","9,520.97","9,195.68","373.19M","-3.11%",-0.0315627581280217
"21/09/2014",9490.55,"9,748.53","9,812.77","9,454.88","429.22M","-3.15%",-0.0320103059360512
"14/09/2014",9799.26,"9,603.97","9,891.20","9,588.65","461.82M","1.53%",0.0152318656804032
"07/09/2014",9651.13,"9,767.90","9,773.70","9,617.70","287.30M","-0.98%",-0.00988659032537457
"31/08/2014",9747.02,"9,484.53","9,774.65","9,424.78","372.35M","2.92%",0.0288147388039607
"24/08/2014",9470.17,"9,456.67","9,600.85","9,369.40","329.92M","1.40%",0.0139294752667616
"17/08/2014",9339.17,"9,220.99","9,414.39","9,195.11","322.76M","2.71%",0.0267564873017895
"10/08/2014",9092.6,"9,106.67","9,324.57","9,050.00","428.91M","0.92%",0.00920129881986421
"03/08/2014",9009.32,"9,222.05","9,243.23","8,903.49","465.23M","-2.18%",-0.0220389393661297
"27/07/2014",9210.08,"9,660.71","9,704.01","9,185.41","490.65M","-4.50%",-0.0460384607923994
"20/07/2014",9644.01,"9,711.68","9,810.47","9,597.62","336.11M","-0.78%",-0.00785067885086904
"13/07/2014",9720.02,"9,710.92","9,871.58","9,655.51","392.50M","0.56%",0.00553792843948324
"06/07/2014",9666.34,"9,992.13","10,015.36","9,617.59","379.12M","-3.42%",-0.0348429333674974
"29/06/2014",10009.08,"9,833.85","10,032.28","9,800.08","321.73M","1.98%",0.0195635330050696
"22/06/2014",9815.17,"9,991.40","9,993.02","9,749.75","370.48M","-1.72%",-0.0173791302065208
"15/06/2014",9987.24,"9,885.97","10,050.98","9,861.29","505.34M","0.75%",0.00747436534070039
"08/06/2014",9912.87,"9,994.40","10,033.74","9,829.09","352.24M","-0.74%",-0.00746935894001713
"01/06/2014",9987.19,"9,986.86","10,013.69","9,866.97","419.27M","0.44%",0.00440733140067047
"25/05/2014",9943.27,"9,826.91","9,970.77","9,821.68","375.82M","1.79%",0.0177831798526077
"18/05/2014",9768.01,"9,607.32","9,779.59","9,534.56","380.66M","1.44%",0.01432299706026
"11/05/2014",9629.1,"9,608.93","9,810.29","9,577.90","507.41M","0.50%",0.00496082597545121
"04/05/2014",9581.45,"9,536.38","9,622.30","9,407.09","418.81M","0.27%",0.00265761513590868
"27/04/2014",9556.02,"9,454.84","9,627.38","9,407.65","337.36M","1.64%",0.0162967530877621
"20/04/2014",9401.55,"9,455.52","9,645.06","9,367.42","298.46M","-0.09%",-0.000867565544446814
"13/04/2014",9409.71,"9,248.86","9,417.82","9,166.53","344.17M","1.01%",0.0100849986931677
"06/04/2014",9315.29,"9,585.52","9,608.20","9,259.43","413.27M","-3.92%",-0.0400325717726958
"30/03/2014",9695.77,"9,621.92","9,721.50","9,543.09","367.28M","1.13%",0.011261875520796
"23/03/2014",9587.19,"9,349.52","9,587.19","9,181.37","382.19M","2.61%",0.0258068545326563
"16/03/2014",9342.94,"9,047.49","9,376.94","9,047.49","571.27M","3.16%",0.0311481835824565
"09/03/2014",9056.41,"9,305.51","9,382.98","8,913.27","519.56M","-3.15%",-0.0319837596997884
"02/03/2014",9350.75,"9,553.08","9,599.00","9,346.82","493.94M","-3.52%",-0.0358525031631306
"23/02/2014",9692.08,"9,619.64","9,720.66","9,497.78","415.53M","0.36%",0.00363119377051363
"16/02/2014",9656.95,"9,661.80","9,695.86","9,504.18","344.83M","-0.06%",-0.000564201191506973
"09/02/2014",9662.4,"9,331.71","9,677.53","9,280.18","405.85M","3.88%",0.0380212341075877
"02/02/2014",9301.92,"9,318.77","9,357.58","9,071.25","527.44M","-0.05%",-0.000490101254409327
"26/01/2014",9306.48,"9,389.17","9,537.63","9,166.05","562.87M","-0.91%",-0.00914946083704304
"19/01/2014",9392.02,"9,713.20","9,794.05","9,374.08","467.78M","-3.60%",-0.0366845803677628
"12/01/2014",9742.96,"9,497.92","9,789.89","9,381.94","529.57M","2.85%",0.0280739911875644
"05/01/2014",9473.24,"9,419.44","9,549.50","9,399.81","418.79M","0.40%",0.00402890479023275
"29/12/2013",9435.15,"9,586.53","9,620.93","9,367.99","185.71M","-1.61%",-0.0162152020020251
"22/12/2013",9589.39,"9,436.49","9,589.39","9,427.54","99.76M","2.01%",0.0199284409185651
"15/12/2013",9400.18,"9,004.62","9,413.09","8,997.75","513.62M","4.37%",0.0427867403940608
"08/12/2013",9006.46,"9,218.81","9,225.53","8,984.28","344.80M","-1.81%",-0.0182579676265757
"01/12/2013",9172.41,"9,412.95","9,424.83","9,069.82","445.60M","-2.48%",-0.0250732949095954
"24/11/2013",9405.3,"9,258.22","9,424.62","9,252.73","334.27M","2.02%",0.0200024494984691
"17/11/2013",9219.04,"9,154.23","9,253.68","9,117.09","385.41M","0.55%",0.00547649175196843
"10/11/2013",9168.69,"9,081.58","9,188.47","8,981.09","461.58M","1.00%",0.00990967156365555
"03/11/2013",9078.28,"9,035.91","9,193.98","8,962.42","446.96M","0.78%",0.00779054825123003
"27/10/2013",9007.83,"9,013.05","9,070.17","8,950.21","344.86M","0.25%",0.00245532277337567
"20/10/2013",8985.74,"8,828.47","9,010.65","8,827.23","403.18M","1.36%",0.0135166565538038
"13/10/2013",8865.1,"8,688.45","8,865.10","8,675.95","511.95M","1.61%",0.015949236120415
"06/10/2013",8724.83,"8,557.04","8,729.33","8,489.62","440.71M","1.18%",0.0117434107614574
"29/09/2013",8622.97,"8,562.85","8,691.85","8,546.72","373.96M","-0.44%",-0.00445949937410059
"22/09/2013",8661.51,"8,682.94","8,699.47","8,605.59","433.49M","-0.16%",-0.00164039987780404
"15/09/2013",8675.73,"8,599.65","8,770.10","8,578.01","615.43M","1.95%",0.0193556869974459
"08/09/2013",8509.42,"8,275.01","8,518.18","8,246.77","486.43M","2.82%",0.0278539003981179
"01/09/2013",8275.67,"8,224.34","8,295.81","8,095.91","461.24M","2.13%",0.0210670097832696
"25/08/2013",8103.15,"8,424.07","8,437.75","8,094.22","403.43M","-3.73%",-0.037999407187377
"18/08/2013",8416.99,"8,395.02","8,438.44","8,246.19","358.59M","0.30%",0.0029805607548854
"11/08/2013",8391.94,"8,341.96","8,457.05","8,238.86","416.21M","0.64%",0.00641116345495222
"04/08/2013",8338.31,"8,416.11","8,435.49","8,228.11","498.60M","-0.82%",-0.00819699727083801
"28/07/2013",8406.94,"8,307.12","8,431.67","8,213.36","487.44M","1.97%",0.0194615149724773
"21/07/2013",8244.91,"8,343.28","8,415.33","8,217.26","413.78M","-1.04%",-0.0104558735641558
"14/07/2013",8331.57,"8,237.92","8,337.20","8,137.53","407.47M","1.45%",0.014361653827022
"07/07/2013",8212.77,"7,865.92","8,244.13","7,848.14","407.50M","5.21%",0.0507975912242073
"30/06/2013",7806,"8,000.02","8,031.71","7,730.37","545.08M","-1.93%",-0.019438336346791
"23/06/2013",7959.22,"7,776.88","8,037.68","7,655.83","564.13M","2.18%",0.0215877109575486
"16/06/2013",7789.24,"8,170.75","8,285.90","7,789.24","602.75M","-4.17%",-0.0425666754165085
"09/06/2013",8127.96,"8,246.04","8,355.79","7,968.13","424.57M","-1.54%",-0.015470342671338
"02/06/2013",8254.68,"8,291.49","8,395.56","8,034.55","458.16M","-1.13%",-0.0113422948209869
"26/05/2013",8348.84,"8,346.60","8,526.42","8,293.96","479.21M","0.52%",0.00522633372812261
"19/05/2013",8305.32,"8,434.97","8,557.86","8,262.64","566.37M","-1.10%",-0.011097308933625
"12/05/2013",8398,"8,281.95","8,408.62","8,217.15","637.22M","1.44%",0.0143209182208694
"05/05/2013",8278.59,"8,119.22","8,358.23","8,103.27","430.43M","1.92%",0.0190605299231938
"28/04/2013",8122.29,"7,834.02","8,130.16","7,823.24","476.39M","3.94%",0.0385978808888102
"21/04/2013",7814.76,"7,516.06","7,840.47","7,437.52","643.09M","4.76%",0.0464642009581287
"14/04/2013",7459.96,"7,740.54","7,773.11","7,418.36","737.51M","-3.68%",-0.0374677245784428
"07/04/2013",7744.77,"7,669.04","7,885.45","7,608.04","613.00M","1.12%",0.0111689917917149
"31/03/2013",7658.75,"7,806.12","7,953.15","7,632.42","510.21M","-1.75%",-0.017673485743989
"24/03/2013",7795.31,"7,988.27","8,030.76","7,750.38","547.76M","-1.47%",-0.014776166453299
"17/03/2013",7911.35,"7,924.04","8,030.46","7,876.36","699.20M","-1.63%",-0.0164850607354547
"10/03/2013",8042.85,"7,967.46","8,074.47","7,933.94","1.22B","0.71%",0.00703463808847251
"03/03/2013",7986.47,"7,654.67","8,015.07","7,637.32","579.35M","3.61%",0.0354693519109296
"24/02/2013",7708.16,"7,731.80","7,860.57","7,565.78","729.22M","0.60%",0.00601820806194323
"17/02/2013",7661.91,"7,591.08","7,784.64","7,561.84","663.39M","0.90%",0.00896736482602083
"10/02/2013",7593.51,"7,627.72","7,737.41","7,588.57","619.16M","-0.77%",-0.00769141217789606
"03/02/2013",7652.14,"7,822.54","7,837.64","7,537.29","798.22M","-2.31%",-0.0234100192173914
"27/01/2013",7833.39,"7,859.83","7,871.79","7,765.20","632.36M","-0.31%",-0.00313293686525442
"20/01/2013",7857.97,"7,727.77","7,865.16","7,634.26","588.99M","2.02%",0.0200184060433908
"13/01/2013",7702.23,"7,737.61","7,785.82","7,635.88","532.74M","-0.17%",-0.00172528347815358
"06/01/2013",7715.53,"7,760.01","7,773.69","7,683.48","791.54M","-0.78%",-0.00785446753225442
"30/12/2012",7776.37,"7,689.46","7,789.94","7,689.46","328.10M","2.15%",0.0213124653169465
"23/12/2012",7612.39,"7,652.27","7,676.50","7,602.89","112.69M","-0.31%",-0.00312684287810003
"16/12/2012",7636.23,"7,604.16","7,682.90","7,564.07","655.97M","0.52%",0.00522036018505586
"09/12/2012",7596.47,"7,484.95","7,626.40","7,457.40","544.03M","1.05%",0.0104101237385342
"02/12/2012",7517.8,"7,427.41","7,554.51","7,417.30","591.47M","1.52%",0.0150505745833358
"25/11/2012",7405.5,"7,286.69","7,442.60","7,265.44","525.15M","1.32%",0.0130987157539355
"18/11/2012",7309.13,"7,020.23","7,311.55","7,007.21","576.25M","5.16%",0.0503063359690173
"11/11/2012",6950.53,"7,164.68","7,196.00","6,950.53","779.34M","-2.97%",-0.0301807726893526
"04/11/2012",7163.5,"7,320.98","7,434.96","7,064.34","753.56M","-2.72%",-0.0275842054476074
"28/10/2012",7363.85,"7,205.05","7,391.04","7,171.96","510.24M","1.83%",0.018088012074565
"21/10/2012",7231.85,"7,372.36","7,390.10","7,120.68","570.96M","-2.02%",-0.0203654739952205
"14/10/2012",7380.64,"7,237.40","7,447.81","7,237.40","713.90M","2.05%",0.0202769805001261
"07/10/2012",7232.49,"7,340.39","7,341.28","7,182.31","561.82M","-2.24%",-0.0226087457195981
"30/09/2012",7397.87,"7,227.81","7,409.78","7,225.29","604.36M","2.52%",0.0248705512550623
"23/09/2012",7216.15,"7,419.65","7,440.49","7,215.95","749.83M","-3.16%",-0.0321098887331837
"16/09/2012",7451.62,"7,390.29","7,478.53","7,304.25","946.03M","0.53%",0.00531361102209935
"09/09/2012",7412.13,"7,207.96","7,446.47","7,186.63","983.22M","2.74%",0.0270249576398734
"02/09/2012",7214.5,"6,946.61","7,248.51","6,892.86","736.09M","3.50%",0.034364328507427
"26/08/2012",6970.79,"6,960.02","7,049.48","6,871.00","469.20M","0.00%",-4.01668070167941e-05
"19/08/2012",6971.07,"7,037.02","7,105.43","6,885.98","569.45M","-0.99%",-0.00996443430333885
"12/08/2012",7040.88,"6,935.51","7,041.11","6,882.03","554.17M","1.39%",0.0137745430904088
"05/08/2012",6944.56,"6,845.88","6,989.15","6,845.88","684.22M","1.15%",0.0114264448291302
"29/07/2012",6865.66,"6,729.19","6,876.74","6,596.21","821.02M","2.63%",0.0260079904191193
"22/07/2012",6689.4,"6,561.87","6,690.43","6,324.53","800.19M","0.90%",0.00891636323497042
"15/07/2012",6630.02,"6,550.95","6,775.74","6,511.18","662.93M","1.11%",0.0110593887423587
"08/07/2012",6557.1,"6,408.64","6,557.10","6,349.62","651.79M","2.29%",0.0226720005703512
"01/07/2012",6410.11,"6,405.39","6,641.86","6,390.55","737.61M","-0.10%",-0.000962079037969513
"24/06/2012",6416.28,"6,229.43","6,416.28","6,096.94","887.03M","2.44%",0.0241392907904211
"17/06/2012",6263.25,"6,304.77","6,427.49","6,221.87","713.83M","0.54%",0.00541759445432592
"10/06/2012",6229.41,"6,255.65","6,287.54","6,078.22","904.55M","1.61%",0.0159531159106884
"03/06/2012",6130.82,"5,976.46","6,230.22","5,914.43","680.40M","1.33%",0.0132223045760415
"27/05/2012",6050.29,"6,425.10","6,441.26","6,008.47","720.33M","-4.57%",-0.0467630999037001
"20/05/2012",6339.94,"6,269.31","6,446.00","6,244.02","737.11M","1.10%",0.0108983916123722
"13/05/2012",6271.22,"6,499.79","6,520.86","6,229.30","809.05M","-4.69%",-0.0480531939131829
"06/05/2012",6579.93,"6,515.94","6,589.01","6,375.79","781.24M","0.28%",0.00280944376429055
"29/04/2012",6561.47,"6,844.10","6,875.87","6,546.00","617.98M","-3.53%",-0.0359020477722514
"22/04/2012",6801.32,"6,666.79","6,825.41","6,499.07","872.26M","0.76%",0.00755642848653383
"15/04/2012",6750.12,"6,556.30","6,812.84","6,548.39","841.45M","2.52%",0.0249330075801271
"08/04/2012",6583.9,"6,694.72","6,761.78","6,552.32","723.84M","-2.82%",-0.0286504674891077
"01/04/2012",6775.26,"6,973.99","7,081.06","6,685.80","658.09M","-2.47%",-0.0250076980034763
"25/03/2012",6946.83,"7,022.64","7,153.68","6,841.97","697.40M","-0.70%",-0.00699879851206728
"18/03/2012",6995.62,"7,143.93","7,154.83","6,908.97","729.20M","-2.27%",-0.022921226409914
"11/03/2012",7157.82,"6,868.97","7,194.33","6,846.90","997.64M","4.03%",0.0395562906033902
"04/03/2012",6880.21,"6,876.89","6,912.42","6,612.61","929.42M","-0.59%",-0.00596455217811363
"26/02/2012",6921.37,"6,817.46","6,967.14","6,743.65","898.26M","0.83%",0.0082607210022071
"19/02/2012",6864.43,"6,892.04","6,971.03","6,733.59","817.64M","0.24%",0.00239198624018106
"12/02/2012",6848.03,"6,748.68","6,874.53","6,651.72","787.63M","2.32%",0.0229047919635668
"05/02/2012",6692.96,"6,752.03","6,838.13","6,649.56","957.60M","-1.09%",-0.0109528622829483
"29/01/2012",6766.67,"6,454.54","6,767.46","6,414.33","859.68M","3.91%",0.0383655325478965
"22/01/2012",6511.98,"6,387.33","6,574.19","6,339.00","1.03B","1.68%",0.0166598647244273
"15/01/2012",6404.39,"6,120.40","6,431.26","6,104.11","1.07B","4.25%",0.0416574476680771
"08/01/2012",6143.08,"6,061.26","6,256.95","5,987.75","868.82M","1.41%",0.0139597382105389
"01/01/2012",6057.92,"5,900.18","6,179.03","5,900.18","560.12M","2.71%",0.026693856057118
"25/12/2011",5898.35,"5,900.70","5,924.38","5,771.27","209.62M","0.33%",0.003297878219927
"18/12/2011",5878.93,"5,651.74","5,965.35","5,637.53","519.97M","3.11%",0.0305963657695739
"11/12/2011",5701.78,"5,945.19","5,952.55","5,675.14","1.03B","-4.76%",-0.0487636056943079
"04/12/2011",5986.71,"6,137.87","6,170.04","5,802.36","875.47M","-1.55%",-0.0155745193423798
"27/11/2011",6080.68,"5,577.19","6,169.64","5,573.00","919.06M","10.70%",0.101665644233666
"20/11/2011",5492.87,"5,767.09","5,771.70","5,366.50","957.86M","-5.30%",-0.0544484084108075
"13/11/2011",5800.24,"6,097.27","6,116.07","5,769.69","748.95M","-4.24%",-0.0433202849269293
"06/11/2011",6057.03,"5,905.93","6,087.06","5,721.97","899.83M","1.52%",0.0151160765616502
"30/10/2011",5966.16,"6,283.19","6,304.84","5,762.26","1.08B","-5.99%",-0.0617511284606703
"23/10/2011",6346.19,"6,014.36","6,430.60","5,937.58","1.01B","6.28%",0.0609469143355372
"16/10/2011",5970.96,"6,021.29","6,081.41","5,747.65","820.86M","0.06%",0.000629912838214174
"09/10/2011",5967.2,"5,705.40","6,037.29","5,652.99","840.66M","5.14%",0.0500839018804702
"02/10/2011",5675.7,"5,311.93","5,749.13","5,125.44","893.11M","3.16%",0.0310786062407671
"25/09/2011",5502.02,"5,128.56","5,704.41","5,118.19","1.00B","5.88%",0.0571184293248555
"18/09/2011",5196.56,"5,447.32","5,577.60","4,973.92","871.09M","-6.76%",-0.0700281488379267
"11/09/2011",5573.51,"5,063.59","5,655.95","4,965.80","1.39B","7.39%",0.071304807439725
"04/09/2011",5189.93,"5,409.87","5,473.68","5,150.05","1.01B","-6.29%",-0.0649728016615576
"28/08/2011",5538.33,"5,634.06","5,869.65","5,493.31","848.65M","0.02%",0.000153487645900329
"21/08/2011",5537.48,"5,412.75","5,777.04","5,403.58","930.23M","1.05%",0.0104344226666585
"14/08/2011",5480,"6,075.59","6,106.11","5,345.36","1.15B","-8.63%",-0.0902776306447566
"07/08/2011",5997.74,"6,170.69","6,272.94","5,487.82","1.80B","-3.82%",-0.0389818767344408
"31/07/2011",6236.16,"7,254.50","7,282.01","6,152.62","1.29B","-12.89%",-0.137973570166737
"24/07/2011",7158.77,"7,273.60","7,382.80","7,063.82","692.92M","-2.29%",-0.0231447194870642
"17/07/2011",7326.39,"7,162.82","7,357.25","7,089.09","949.73M","1.47%",0.0146113247276917
"10/07/2011",7220.12,"7,352.73","7,358.50","6,996.26","948.02M","-2.47%",-0.0249772778299599
"03/07/2011",7402.73,"7,427.14","7,523.53","7,389.80","565.44M","-0.23%",-0.00225473153785317
"26/06/2011",7419.44,"7,101.15","7,443.20","7,075.19","693.60M","4.19%",0.0410020557651534
"19/06/2011",7121.38,"7,078.59","7,310.10","7,063.86","663.48M","-0.60%",-0.00597393664736966
"12/06/2011",7164.05,"7,075.91","7,231.49","7,017.98","835.05M","1.33%",0.0132291279783799
"05/06/2011",7069.9,"7,095.40","7,183.78","6,991.62","662.08M","-0.55%",-0.00551947140437497
"29/05/2011",7109.03,"7,165.00","7,319.69","7,021.36","817.93M","-0.76%",-0.00762869350428777
"22/05/2011",7163.47,"7,158.08","7,217.24","7,071.42","1.03B","-1.42%",-0.0143242813762006
"15/05/2011",7266.82,"7,348.12","7,415.65","7,228.13","777.00M","-1.84%",-0.0186084156780627
"08/05/2011",7403.31,"7,461.35","7,566.41","7,356.76","639.91M","-1.19%",-0.0119419554521608
"01/05/2011",7492.25,"7,570.86","7,600.41","7,291.39","787.37M","-0.30%",-0.00296001138375879
"24/04/2011",7514.46,"7,288.77","7,514.69","7,278.52","421.97M","3.00%",0.0295728153226961
"17/04/2011",7295.49,"7,165.99","7,316.53","6,994.56","552.73M","1.63%",0.0161951558777536
"10/04/2011",7178.29,"7,215.34","7,224.74","7,089.17","759.48M","-0.54%",-0.00538093218560513
"03/04/2011",7217.02,"7,178.59","7,242.69","7,129.41","580.57M","0.52%",0.00516920500642716
"27/03/2011",7179.81,"6,931.86","7,192.38","6,867.42","466.62M","3.36%",0.0330551389451762
"20/03/2011",6946.36,"6,782.30","6,985.25","6,720.02","618.22M","4.23%",0.0414378542965015
"13/03/2011",6664.4,"6,896.31","6,946.44","6,483.39","1.06B","-4.54%",-0.0464824339693666
"06/03/2011",6981.49,"7,137.81","7,270.81","6,963.31","633.95M","-2.75%",-0.0278838069385404
"27/02/2011",7178.9,"7,173.59","7,356.33","7,122.69","517.58M","-0.09%",-0.000873011674020409
"20/02/2011",7185.17,"7,412.06","7,441.82","7,093.91","591.82M","-3.25%",-0.0330772463704973
"13/02/2011",7426.81,"7,403.83","7,438.42","7,364.04","528.09M","0.75%",0.00751591082568587
"06/02/2011",7371.2,"7,222.05","7,390.48","7,214.05","475.38M","2.15%",0.0212506308670823
"30/01/2011",7216.21,"7,094.56","7,226.64","7,033.09","523.80M","1.60%",0.0158408118298906
"23/01/2011",7102.8,"7,080.78","7,180.15","7,000.41","563.45M","0.57%",0.00570130352776753
"16/01/2011",7062.42,"7,072.75","7,165.00","7,008.62","639.33M","-0.19%",-0.00187860958962279
"09/01/2011",7075.7,"6,920.36","7,084.07","6,835.74","616.43M","1.84%",0.0182355586602495
"02/01/2011",6947.84,"6,973.39","7,047.59","6,842.90","450.56M","0.49%",0.00485499830789736
"26/12/2010",6914.19,"7,055.32","7,056.34","6,897.22","159.56M","-2.03%",-0.0205419809013614
"19/12/2010",7057.69,"7,000.38","7,087.84","6,992.67","245.16M","1.08%",0.0107179444450966
"12/12/2010",6982.45,"7,027.58","7,044.87","6,964.13","508.71M","-0.34%",-0.00339133134417727
"05/12/2010",7006.17,"6,970.24","7,042.67","6,926.57","525.90M","0.84%",0.00837764119660034
"28/11/2010",6947.72,"6,867.77","6,977.91","6,655.94","611.59M","1.44%",0.0143138121229147
"21/11/2010",6848.98,"6,892.02","6,901.93","6,701.98","517.78M","0.08%",0.000793133231718194
"14/11/2010",6843.55,"6,705.13","6,854.09","6,653.57","519.77M","1.62%",0.0160467011185739
"07/11/2010",6734.61,"6,746.44","6,810.86","6,617.97","566.12M","-0.29%",-0.00290463187979005
"31/10/2010",6754.2,"6,637.09","6,775.17","6,586.01","471.60M","2.32%",0.0228873303575874
"24/10/2010",6601.37,"6,645.45","6,668.54","6,553.25","486.78M","-0.07%",-0.000676903020498467
"17/10/2010",6605.84,"6,465.83","6,623.94","6,461.48","450.75M","1.75%",0.0173372469640377
"10/10/2010",6492.3,"6,308.43","6,512.78","6,228.39","574.77M","3.19%",0.0313903230373867
"03/10/2010",6291.67,"6,205.00","6,321.79","6,115.87","531.10M","1.29%",0.0128498826017569
"26/09/2010",6211.34,"6,307.87","6,339.36","6,187.22","578.39M","-1.38%",-0.0139031020475336
"19/09/2010",6298.3,"6,231.28","6,339.97","6,129.44","594.27M","1.43%",0.0141575078583751
"12/09/2010",6209.76,"6,258.51","6,321.20","6,185.74","641.35M","-0.08%",-0.000806469181778187
"05/09/2010",6214.77,"6,156.29","6,233.07","6,062.65","450.15M","1.31%",0.0129805804831113
"29/08/2010",6134.62,"5,973.48","6,178.01","5,833.51","471.62M","3.08%",0.0303602976720772
"22/08/2010",5951.17,"6,017.19","6,055.23","5,837.90","480.29M","-0.90%",-0.00903126075778269
"15/08/2010",6005.16,"6,132.78","6,229.46","5,999.63","451.57M","-1.72%",-0.0173747744019103
"08/08/2010",6110.41,"6,326.62","6,356.41","6,068.82","472.88M","-2.38%",-0.0241272038920551
"01/08/2010",6259.63,"6,187.64","6,386.97","6,182.68","531.89M","1.82%",0.0179991319051123
"25/07/2010",6147.97,"6,201.02","6,253.64","6,059.19","527.22M","-0.30%",-0.00298352301128885
"18/07/2010",6166.34,"6,034.87","6,190.24","5,906.04","439.31M","2.09%",0.0206567561057044
"11/07/2010",6040.27,"6,079.95","6,248.07","6,018.64","541.98M","-0.41%",-0.00412539998951487
"04/07/2010",6065.24,"5,853.75","6,078.56","5,809.37","473.13M","3.96%",0.0388455304616162
"27/06/2010",5834.15,"6,097.37","6,168.99","5,827.25","550.88M","-3.90%",-0.0397288645115914
"20/06/2010",6070.6,"6,320.41","6,330.81","6,039.56","491.82M","-2.35%",-0.0238268113224769
"13/06/2010",6216.98,"6,113.46","6,256.55","6,089.32","708.39M","2.80%",0.0275847282797685
"06/06/2010",6047.83,"5,876.48","6,089.43","5,798.76","659.30M","1.83%",0.0181789666087705
"30/05/2010",5938.88,"5,933.58","6,114.58","5,833.61","506.33M","-0.12%",-0.00122843316197043
"23/05/2010",5946.18,"5,858.45","5,980.78","5,607.68","741.67M","2.01%",0.019860649422808
"16/05/2010",5829.25,"6,029.91","6,181.26","5,689.18","987.09M","-3.76%",-0.0382784012179333
"09/05/2010",6056.71,"5,814.41","6,276.80","5,805.98","930.91M","5.98%",0.0580567032106276
"02/05/2010",5715.09,"6,122.76","6,197.00","5,655.18","1.18B","-6.86%",-0.0710141259292616
"25/04/2010",6135.7,"6,317.13","6,341.52","6,024.01","907.51M","-1.98%",-0.0199809313376352
"18/04/2010",6259.53,"6,158.60","6,287.54","6,140.38","715.00M","1.27%",0.012641210486782
"11/04/2010",6180.9,"6,283.81","6,310.76","6,162.84","638.34M","-1.10%",-0.0110695706618873
"04/04/2010",6249.7,"6,250.01","6,265.32","6,138.02","384.17M","0.23%",0.00226507194011146
"28/03/2010",6235.56,"6,150.17","6,238.57","6,108.23","413.85M","1.89%",0.0186981242306602
"21/03/2010",6120.05,"5,960.85","6,139.50","5,910.85","590.04M","2.30%",0.0227434264875474
"14/03/2010",5982.43,"5,933.63","6,041.95","5,898.22","642.63M","0.63%",0.0062578070227362
"07/03/2010",5945.11,"5,891.74","5,989.88","5,838.17","494.77M","1.15%",0.0114613514180352
"28/02/2010",5877.36,"5,652.85","5,880.25","5,641.18","534.86M","4.98%",0.0486161215755129
"21/02/2010",5598.46,"5,741.00","5,743.89","5,518.27","628.15M","-2.16%",-0.0218355728714962
"14/02/2010",5722.05,"5,525.74","5,729.58","5,498.07","537.28M","4.03%",0.0395081339777625
"07/02/2010",5500.39,"5,476.47","5,592.27","5,434.40","637.46M","1.22%",0.012080920758669
"31/01/2010",5434.34,"5,587.50","5,733.71","5,433.02","806.86M","-3.11%",-0.0315969319397308
"24/01/2010",5608.79,"5,662.85","5,718.81","5,540.33","798.93M","-1.52%",-0.0153097749641364
"17/01/2010",5695.32,"5,897.63","5,988.80","5,639.49","627.89M","-3.07%",-0.0312263678240408
"10/01/2010",5875.97,"6,057.93","6,094.26","5,866.84","619.16M","-2.68%",-0.0271370854897737
"03/01/2010",6037.61,"5,975.52","6,058.02","5,961.25","590.46M","1.35%",0.013369058247777
"27/12/2009",5957.43,"5,977.99","6,026.69","5,949.45","121.13M","0.00%",-1.67857475568075e-06
"20/12/2009",5957.44,"5,841.81","5,988.28","5,841.69","243.35M","2.16%",0.0214163326041169
"13/12/2009",5831.21,"5,803.20","5,903.43","5,752.21","612.73M","1.30%",0.0129313560314297
"06/12/2009",5756.29,"5,812.11","5,812.69","5,605.43","462.98M","-1.05%",-0.010603230167647
"29/11/2009",5817.65,"5,691.84","5,859.34","5,607.82","549.24M","2.32%",0.0229579787751706
"22/11/2009",5685.61,"5,689.38","5,825.87","5,519.48","528.05M","0.40%",0.00395814685009752
"15/11/2009",5663.15,"5,717.46","5,843.27","5,638.33","567.66M","-0.42%",-0.00417270063181546
"08/11/2009",5686.83,"5,514.34","5,726.38","5,514.34","463.25M","3.62%",0.0355435318181476
"01/11/2009",5488.25,"5,410.61","5,526.86","5,312.64","664.81M","1.35%",0.0134439497844977
"25/10/2009",5414.96,"5,764.03","5,799.42","5,394.80","822.22M","-5.67%",-0.058337269852598
"18/10/2009",5740.25,"5,761.30","5,888.21","5,712.82","582.77M","-0.05%",-0.000546864944957301
"11/10/2009",5743.39,"5,727.31","5,885.78","5,695.16","633.36M","0.55%",0.00550141192171032
"04/10/2009",5711.88,"5,477.81","5,748.33","5,440.23","523.10M","4.46%",0.0436535859411556
"27/09/2009",5467.9,"5,595.36","5,756.26","5,442.32","666.45M","-2.03%",-0.0205468021728969
"20/09/2009",5581.41,"5,698.53","5,754.04","5,559.47","510.39M","-2.15%",-0.0216964463763099
"13/09/2009",5703.83,"5,599.58","5,760.83","5,532.30","616.78M","1.42%",0.0140911683314861
"06/09/2009",5624.02,"5,400.76","5,653.15","5,400.76","557.02M","4.45%",0.0435352552660906
"30/08/2009",5384.43,"5,474.62","5,507.48","5,263.11","477.97M","-2.41%",-0.0243862171298398
"23/08/2009",5517.35,"5,482.60","5,575.53","5,432.06","414.95M","1.00%",0.00994717717022938
"16/08/2009",5462.74,"5,296.33","5,478.18","5,158.60","409.83M","2.89%",0.0285262824635709
"09/08/2009",5309.11,"5,451.79","5,455.27","5,252.15","418.66M","-2.75%",-0.0278340825036875
"02/08/2009",5458.96,"5,330.87","5,480.93","5,309.35","499.57M","2.38%",0.0235056368875383
"26/07/2009",5332.14,"5,277.72","5,396.95","5,159.25","534.70M","1.97%",0.0194637588839108
"19/07/2009",5229.36,"5,014.50","5,301.91","5,007.95","437.46M","5.04%",0.0491803453791239
"12/07/2009",4978.4,"4,564.94","5,017.60","4,524.01","474.84M","8.79%",0.0842155577347017
"05/07/2009",4576.31,"4,669.66","4,703.30","4,558.00","419.53M","-2.80%",-0.0284147967928733
"28/06/2009",4708.21,"4,768.11","4,930.35","4,685.27","457.08M","-1.43%",-0.0143939866276567
"21/06/2009",4776.47,"4,837.28","4,866.80","4,669.80","496.94M","-1.30%",-0.0131013642974841
"14/06/2009",4839.46,"5,051.35","5,051.35","4,761.20","672.41M","-4.53%",-0.0463877607299028
"07/06/2009",5069.24,"5,060.72","5,133.40","4,969.96","411.07M","-0.15%",-0.00153553996309169
"31/05/2009",5077.03,"4,992.10","5,177.59","4,991.21","444.81M","2.76%",0.0271951356216444
"24/05/2009",4940.82,"4,936.04","5,035.51","4,802.80","464.12M","0.45%",0.00447687614395715
"17/05/2009",4918.75,"4,702.81","5,060.76","4,655.53","560.21M","3.83%",0.0375448627750316
"10/05/2009",4737.5,"4,907.29","4,926.69","4,653.25","687.77M","-3.59%",-0.036558353463028
"03/05/2009",4913.9,"4,790.03","4,980.30","4,781.97","776.47M","3.03%",0.0298369296025667
"26/04/2009",4769.45,"4,625.41","4,837.22","4,547.90","610.64M","2.04%",0.0201472966533485
"19/04/2009",4674.32,"4,655.84","4,674.73","4,390.70","857.52M","-0.05%",-0.000538970579265678
"12/04/2009",4676.84,"4,489.02","4,680.63","4,461.48","508.43M","4.14%",0.0405205543394174
"05/04/2009",4491.12,"4,421.71","4,510.74","4,228.89","477.29M","2.42%",0.02391476853567
"29/03/2009",4384.99,"4,175.41","4,456.30","3,987.39","715.47M","4.32%",0.042257938947834
"22/03/2009",4203.55,"4,109.28","4,272.12","4,102.34","684.82M","3.31%",0.032596037157576
"15/03/2009",4068.74,"3,990.83","4,137.80","3,947.28","898.63M","2.91%",0.0287068129622169
"08/03/2009",3953.6,"3,677.07","4,053.84","3,588.89","856.04M","7.83%",0.0754135745720621
"01/03/2009",3666.41,"3,817.51","3,891.71","3,638.00","789.01M","-4.61%",-0.047232869263144
"22/02/2009",3843.74,"4,057.25","4,111.52","3,764.69","828.22M","-4.26%",-0.0435068104288275
"15/02/2009",4014.66,"4,386.46","4,421.78","4,014.66","673.56M","-9.03%",-0.0946904402653582
"08/02/2009",4413.39,"4,627.83","4,688.59","4,371.47","640.48M","-4.98%",-0.0510686119120593
"01/02/2009",4644.63,"4,309.17","4,657.06","4,198.15","673.01M","7.06%",0.0682176220574045
"25/01/2009",4338.35,"4,165.71","4,533.70","4,145.12","739.23M","3.81%",0.0374364656312171
"18/01/2009",4178.94,"4,409.88","4,452.57","4,067.43","776.54M","-4.29%",-0.0438537621390129
"11/01/2009",4366.28,"4,765.38","4,791.96","4,295.76","829.12M","-8.73%",-0.0913426350730171
"04/01/2009",4783.89,"5,010.18","5,111.02","4,743.97","727.60M","-3.80%",-0.0387833325710481
"28/12/2008",4973.07,"4,660.17","4,974.73","4,655.91","284.83M","7.42%",0.0716144057997552
"21/12/2008",4629.38,"4,693.66","4,718.60","4,575.52","245.19M","-1.43%",-0.0144371846051368
"14/12/2008",4696.7,"4,718.39","4,785.32","4,627.46","856.70M","0.71%",0.00712177171189095
"07/12/2008",4663.37,"4,548.87","4,850.39","4,521.52","812.54M","6.43%",0.0623540782173704
"30/11/2008",4381.47,"4,653.12","4,732.93","4,304.03","925.51M","-6.17%",-0.0636548656234986
"23/11/2008",4669.44,"4,167.71","4,703.67","4,154.55","806.22M","13.13%",0.123389058535883
"16/11/2008",4127.41,"4,700.50","4,733.79","4,034.96","878.48M","-12.37%",-0.132088770536429
"09/11/2008",4710.24,"5,024.43","5,135.15","4,524.89","729.24M","-4.62%",-0.0473146795636944
"02/11/2008",4938.46,"5,053.94","5,302.57","4,751.24","880.78M","-0.99%",-0.00997547165720961
"26/10/2008",4987.97,"4,143.45","5,066.81","4,062.77","1.62B","16.12%",0.149421474751427
"19/10/2008",4295.67,"4,891.76","4,941.19","4,014.60","1.05B","-10.16%",-0.107111211865241
"12/10/2008",4781.33,"4,642.02","5,383.79","4,521.91","1.52B","5.22%",0.0508428495560409
"05/10/2008",4544.31,"5,606.07","5,606.07","4,308.00","1.73B","-21.61%",-0.243469816511936
"28/09/2008",5797.03,"6,010.10","6,015.59","5,617.81","1.19B","-4.39%",-0.0449414736799403
"21/09/2008",6063.5,"6,188.58","6,235.13","6,001.01","787.48M","-2.04%",-0.02057196378144
"14/09/2008",6189.53,"6,138.42","6,220.29","5,812.77","1.74B","-0.73%",-0.00730178173860252
"07/09/2008",6234.89,"6,262.34","6,356.80","6,086.30","852.05M","1.75%",0.0173838921842273
"31/08/2008",6127.44,"6,400.85","6,553.90","6,095.56","761.14M","-4.59%",-0.0469992645448971
"24/08/2008",6422.3,"6,332.94","6,457.93","6,238.07","548.99M","1.26%",0.0125159099064928
"17/08/2008",6342.42,"6,436.14","6,485.91","6,219.10","555.38M","-1.61%",-0.0162024869988522
"10/08/2008",6446.02,"6,570.52","6,626.70","6,369.58","665.83M","-1.76%",-0.017779209631504
"03/08/2008",6561.65,"6,403.30","6,620.77","6,322.01","725.86M","2.58%",0.0254973833837244
"27/07/2008",6396.46,"6,428.36","6,540.45","6,264.74","717.30M","-0.63%",-0.00627282767716697
"20/07/2008",6436.71,"6,381.44","6,577.10","6,322.03","853.27M","0.85%",0.00843416839275614
"13/07/2008",6382.65,"6,184.65","6,396.30","5,999.32","972.98M","3.73%",0.0365948483461413
"06/07/2008",6153.3,"6,312.32","6,416.24","6,139.74","802.42M","-1.90%",-0.0191402413566189
"29/06/2008",6272.21,"6,423.37","6,446.54","6,200.56","869.76M","-2.33%",-0.0235868166129159
"22/06/2008",6421.91,"6,586.83","6,628.72","6,348.03","783.54M","-2.38%",-0.0240820539185951
"15/06/2008",6578.44,"6,773.43","6,855.84","6,547.40","813.84M","-2.76%",-0.0280119276332774
"08/06/2008",6765.32,"6,790.18","6,839.32","6,637.75","729.55M","-0.57%",-0.00567318659832741
"01/06/2008",6803.81,"7,098.70","7,102.05","6,796.28","629.73M","-4.13%",-0.0421598197438968
"25/05/2008",7096.79,"6,923.94","7,124.61","6,905.86","632.81M","2.20%",0.0217573913445067
"18/05/2008",6944.05,"7,177.02","7,231.86","6,934.54","659.92M","-2.97%",-0.0301428434802605
"11/05/2008",7156.55,"7,021.29","7,205.96","7,001.33","651.57M","2.19%",0.0216651175838946
"04/05/2008",7003.17,"7,036.99","7,107.53","6,961.63","605.22M","-0.57%",-0.00570396807914574
"27/04/2008",7043.23,"6,914.40","7,092.82","6,851.52","526.26M","2.13%",0.0210412352153093
"20/04/2008",6896.58,"6,840.68","6,945.25","6,656.86","746.45M","0.78%",0.00778771387223547
"13/04/2008",6843.08,"6,561.90","6,860.38","6,516.51","664.74M","3.63%",0.0356275107962234
"06/04/2008",6603.57,"6,802.55","6,843.25","6,570.74","644.89M","-2.36%",-0.0239138317613975
"30/03/2008",6763.39,"6,530.11","6,806.66","6,429.62","763.87M","3.10%",0.0305488847087272
"23/03/2008",6559.9,"6,443.45","6,616.45","6,443.36","646.68M","3.80%",0.0372577330583359
"16/03/2008",6319.99,"6,360.92","6,469.99","6,167.82","1.14B","-2.04%",-0.0206570351937615
"09/03/2008",6451.9,"6,487.11","6,666.58","6,391.56","887.34M","-0.95%",-0.00957751062501793
"02/03/2008",6513.99,"6,692.98","6,720.16","6,450.88","846.54M","-3.47%",-0.0353132577677398
"24/02/2008",6748.13,"6,850.92","7,017.70","6,698.55","790.42M","-0.85%",-0.00858175516764331
"17/02/2008",6806.29,"6,865.57","7,079.74","6,762.77","748.18M","-0.38%",-0.00383320898256049
"10/02/2008",6832.43,"6,723.97","7,062.08","6,690.77","847.02M","0.96%",0.00958115994962804
"03/02/2008",6767.28,"7,018.64","7,059.19","6,655.65","932.57M","-2.89%",-0.0293251551077425
"27/01/2008",6968.67,"6,749.29","7,037.16","6,680.30","932.15M","2.23%",0.0220430370648257
"20/01/2008",6816.74,"7,292.68","7,292.68","6,384.40","1.80B","-6.80%",-0.0704322108434614
"13/01/2008",7314.17,"7,692.54","7,759.17","7,287.29","1.09B","-5.23%",-0.053735222179666
"06/01/2008",7717.95,"7,810.82","7,923.44","7,675.45","925.07M","-1.16%",-0.0116884313757803
"30/12/2007",7808.69,"8,045.97","8,100.64","7,780.27","419.75M","-3.21%",-0.0325841168424621
"23/12/2007",8067.32,"8,038.73","8,073.99","7,991.81","121.61M","0.81%",0.00804609695272112
"16/12/2007",8002.67,"7,884.17","8,015.42","7,777.40","714.87M","0.68%",0.00680961792019518
"09/12/2007",7948.36,"7,972.70","8,117.79","7,873.27","646.98M","-0.57%",-0.00573439874072045
"02/12/2007",7994.07,"7,859.39","8,009.76","7,785.12","697.35M","1.57%",0.0155758828740916
"25/11/2007",7870.52,"7,642.10","7,894.47","7,444.62","745.23M","3.44%",0.0337976336961388
"18/11/2007",7608.96,"7,608.20","7,634.46","7,474.51","862.69M","-0.04%",-0.000433605197441962
"11/11/2007",7612.26,"7,780.49","7,866.01","7,564.66","887.27M","-2.56%",-0.0259521095351691
"04/11/2007",7812.4,"7,790.89","7,918.92","7,701.87","845.62M","-0.47%",-0.00473634655032978
"28/10/2007",7849.49,"7,989.40","8,038.41","7,792.37","617.09M","-1.25%",-0.0126189591692663
"21/10/2007",7949.17,"7,819.28","7,970.57","7,763.64","764.13M","0.83%",0.00821691082540296
"14/10/2007",7884.12,"8,039.80","8,039.80","7,870.73","658.37M","-1.95%",-0.0197351774552582
"07/10/2007",8041.26,"8,008.76","8,063.83","7,955.04","662.68M","0.49%",0.00487178277159606
"30/09/2007",8002.18,"7,851.29","8,014.16","7,831.40","585.73M","1.79%",0.0177353046091911
"23/09/2007",7861.51,"7,777.20","7,882.18","7,717.44","645.79M","0.86%",0.0085693239105047
"16/09/2007",7794.43,"7,497.09","7,809.24","7,433.23","913.69M","3.96%",0.0388077342398387
"09/09/2007",7497.74,"7,437.69","7,545.23","7,369.70","635.22M","0.82%",0.008183852559172
"02/09/2007",7436.63,"7,643.64","7,725.34","7,420.83","608.22M","-2.64%",-0.026740256451266
"26/08/2007",7638.17,"7,525.59","7,659.72","7,353.82","550.79M","1.74%",0.0172861613155943
"19/08/2007",7507.27,"7,400.45","7,591.52","7,345.13","603.60M","1.75%",0.0173299799283993
"12/08/2007",7378.29,"7,380.18","7,497.65","7,190.36","1.08B","0.48%",0.0047590187329485
"05/08/2007",7343.26,"7,390.88","7,614.24","7,293.52","1.08B","-1.24%",-0.0125058044621375
"29/07/2007",7435.67,"7,460.71","7,632.83","7,386.60","881.15M","-0.21%",-0.00215082014890379
"22/07/2007",7451.68,"7,880.29","7,944.21","7,372.89","960.69M","-5.37%",-0.0552346265861281
"15/07/2007",7874.85,"8,101.53","8,130.72","7,864.18","659.78M","-2.69%",-0.0272969335765834
"08/07/2007",8092.77,"8,077.18","8,151.57","7,799.93","657.74M","0.55%",0.00550769648949419
"01/07/2007",8048.32,"7,969.27","8,115.06","7,916.47","516.58M","0.51%",0.00510725067581578
"24/06/2007",8007.32,"7,896.91","8,007.74","7,750.62","659.49M","0.73%",0.00723073661983733
"17/06/2007",7949.63,"8,044.73","8,131.73","7,905.18","740.12M","-1.01%",-0.0101388392008248
"10/06/2007",8030.64,"7,623.33","8,032.97","7,595.69","1.07B","5.80%",0.056366760512869
"03/06/2007",7590.5,"7,973.68","8,010.39","7,499.43","871.61M","-4.97%",-0.0510241718193731
"27/05/2007",7987.85,"7,758.86","8,001.63","7,675.89","614.89M","3.21%",0.0316233141234243
"20/05/2007",7739.2,"7,614.04","7,774.36","7,599.49","756.07M","1.73%",0.0171584623423063
"13/05/2007",7607.54,"7,505.00","7,613.62","7,418.26","721.45M","1.71%",0.0169953079449698
"06/05/2007",7479.34,"7,523.95","7,538.59","7,304.61","692.72M","-0.50%",-0.00499064125562483
"29/04/2007",7516.76,"7,369.24","7,526.51","7,361.36","647.43M","1.88%",0.018616330442369
"22/04/2007",7378.12,"7,348.01","7,412.53","7,218.72","647.00M","0.48%",0.00483403180097741
"15/04/2007",7342.54,"7,229.06","7,366.59","7,155.05","720.02M","1.81%",0.0179288204721368
"08/04/2007",7212.07,"7,102.47","7,213.20","7,087.29","485.80M","1.58%",0.0156739034288573
"01/04/2007",7099.91,"6,911.13","7,103.73","6,891.80","515.13M","2.64%",0.0260956211611687
"25/03/2007",6917.03,"6,899.33","6,965.84","6,788.33","618.18M","0.26%",0.00260131631067125
"18/03/2007",6899.06,"6,622.76","6,902.62","6,614.14","789.74M","4.85%",0.0473701821355986
"11/03/2007",6579.87,"6,727.57","6,752.18","6,444.70","927.20M","-2.03%",-0.0205551749547295
"04/03/2007",6716.52,"6,510.95","6,745.06","6,437.25","776.36M","1.71%",0.0169976103998005
"25/02/2007",6603.32,"6,992.12","7,040.20","6,544.28","1.12B","-5.57%",-0.057277033999912
"18/02/2007",6992.58,"6,967.53","7,012.34","6,922.36","652.38M","0.51%",0.00509117815885688
"11/02/2007",6957.07,"6,892.03","6,979.02","6,844.39","632.68M","0.67%",0.00662814706193811
"04/02/2007",6911.11,"6,878.67","6,928.98","6,849.85","654.29M","0.37%",0.00367475065384462
"28/01/2007",6885.76,"6,702.45","6,904.88","6,683.38","790.26M","2.92%",0.0287908160120449
"21/01/2007",6690.34,"6,753.73","6,771.42","6,627.96","725.72M","-0.84%",-0.00845846274013491
"14/01/2007",6747.17,"6,719.53","6,754.55","6,651.68","629.14M","0.63%",0.00624428708593983
"07/01/2007",6705.17,"6,603.55","6,705.17","6,531.25","705.84M","1.70%",0.0168567397457102
"31/12/2006",6593.09,"6,614.73","6,704.04","6,588.03","462.89M","-0.06%",-0.000580742563143256
"24/12/2006",6596.92,"6,525.99","6,629.33","6,525.76","138.25M","1.44%",0.0143192739822447
"17/12/2006",6503.13,"6,588.25","6,615.68","6,493.99","425.27M","-1.30%",-0.0130921915614324
"10/12/2006",6588.83,"6,449.76","6,605.15","6,447.94","677.10M","2.51%",0.0248041332959719
"03/12/2006",6427.41,"6,258.91","6,440.56","6,230.30","537.70M","2.98%",0.0294104019959939
"26/11/2006",6241.13,"6,400.49","6,419.97","6,195.81","669.45M","-2.66%",-0.027003740694509
"19/11/2006",6411.96,"6,394.08","6,497.06","6,367.20","460.61M","-0.01%",-6.23814752173517e-05
"12/11/2006",6412.36,"6,350.65","6,452.13","6,344.10","654.48M","0.86%",0.00854969096336686
"05/11/2006",6357.77,"6,249.92","6,366.65","6,249.92","625.03M","1.87%",0.0185132266635997
"29/10/2006",6241.15,"6,230.86","6,311.93","6,201.00","612.51M","-0.34%",-0.00342139334321638
"22/10/2006",6262.54,"6,216.46","6,304.78","6,185.51","627.23M","0.96%",0.00958182626318172
"15/10/2006",6202.82,"6,178.36","6,218.57","6,106.19","515.19M","0.47%",0.00470893287213049
"08/10/2006",6173.68,"6,064.88","6,188.69","6,054.67","520.99M","1.44%",0.0143336195196635
"01/10/2006",6085.82,"6,019.34","6,097.87","5,944.57","544.16M","1.36%",0.0134805993426109
"24/09/2006",6004.33,"5,898.90","6,031.55","5,864.99","622.40M","2.06%",0.0203596471988708
"17/09/2006",5883.32,"5,932.51","5,979.87","5,857.89","625.41M","-0.92%",-0.00922925478900899
"10/09/2006",5937.87,"5,774.31","5,953.72","5,737.20","722.29M","2.46%",0.0243101411594101
"03/09/2006",5795.26,"5,890.01","5,917.24","5,753.67","416.11M","-1.38%",-0.0139278112910696
"27/08/2006",5876.54,"5,808.37","5,907.16","5,767.83","458.19M","1.12%",0.0111346024304824
"20/08/2006",5811.47,"5,804.66","5,847.11","5,744.11","484.18M","-0.10%",-0.000954552211235761
"13/08/2006",5817.02,"5,661.07","5,849.37","5,659.71","543.14M","3.35%",0.0329682233149164
"06/08/2006",5628.37,"5,685.46","5,709.10","5,557.59","708.30M","-1.65%",-0.0166785056129853
"30/07/2006",5723.03,"5,704.56","5,741.80","5,583.96","528.34M","0.31%",0.0030817851830182
"23/07/2006",5705.42,"5,460.12","5,708.33","5,460.12","566.69M","4.67%",0.0456156876299125
"16/07/2006",5451.01,"5,437.08","5,587.28","5,365.06","574.60M","0.53%",0.00529558691950362
"09/07/2006",5422.22,"5,678.11","5,711.04","5,422.22","481.80M","-4.57%",-0.0467715582415728
"02/07/2006",5681.85,"5,688.00","5,729.59","5,608.95","374.60M","-0.03%",-0.000256925552835433
"25/06/2006",5683.31,"5,542.74","5,698.21","5,420.08","481.84M","2.78%",0.0273930113270614
"18/06/2006",5529.74,"5,388.83","5,580.82","5,382.58","548.54M","2.86%",0.0281943348159133
"11/06/2006",5376.01,"5,458.38","5,507.60","5,243.71","819.98M","-1.61%",-0.0162493001115737
"04/06/2006",5464.08,"5,685.56","5,691.69","5,383.28","722.06M","-3.92%",-0.0399941384355575
"28/05/2006",5687.04,"5,782.49","5,784.29","5,533.12","657.49M","-1.75%",-0.0176591026000574
"21/05/2006",5788.36,"5,653.85","5,788.47","5,513.43","756.18M","2.05%",0.0202578511707109
"14/05/2006",5672.28,"5,893.00","5,902.44","5,587.92","883.22M","-4.12%",-0.0421167196904528
"07/05/2006",5916.28,"6,126.96","6,162.37","5,915.74","758.12M","-3.22%",-0.0327572167984743
"30/04/2006",6113.29,"6,014.38","6,113.29","5,962.86","564.22M","1.72%",0.0170586442525725
"23/04/2006",6009.89,"6,058.75","6,121.95","6,003.91","738.15M","-1.39%",-0.0140212993137715
"16/04/2006",6094.75,"5,915.11","6,108.69","5,866.85","454.35M","2.98%",0.0293328792017891
"09/04/2006",5918.57,"5,951.08","6,004.71","5,860.50","407.74M","-0.58%",-0.00578698981558813
"02/04/2006",5952.92,"5,989.08","6,047.98","5,947.56","510.11M","-0.29%",-0.00287847217116648
"26/03/2006",5970.08,"5,972.15","5,993.90","5,863.07","561.03M","-0.05%",-0.000512424633718218
"19/03/2006",5973.14,"5,895.78","5,977.06","5,847.90","612.23M","1.54%",0.0153113103621582
"12/03/2006",5882.38,"5,820.74","5,947.43","5,807.61","648.42M","1.33%",0.013255608089486
"05/03/2006",5804.92,"5,742.07","5,804.95","5,664.19","590.33M","1.46%",0.0144818162542587
"26/02/2006",5721.46,"5,888.81","5,916.80","5,691.21","562.98M","-2.54%",-0.0257651898305349
"19/02/2006",5870.79,"5,795.68","5,884.22","5,766.99","473.92M","1.30%",0.0129109040207035
"12/02/2006",5795.48,"5,699.44","5,814.79","5,683.88","552.67M","1.65%",0.0163542670591667
"05/02/2006",5701.47,"5,667.18","5,745.49","5,598.05","565.47M","0.78%",0.0078091075352967
"29/01/2006",5657.12,"5,636.24","5,760.63","5,614.29","575.32M","0.17%",0.00171612509321221
"22/01/2006",5647.42,"5,311.90","5,650.95","5,290.49","747.38M","5.58%",0.0542854371409449
"15/01/2006",5349.02,"5,464.98","5,515.26","5,344.52","530.38M","-2.45%",-0.0247554441001298
"08/01/2006",5483.09,"5,543.34","5,553.55","5,463.78","579.81M","-0.96%",-0.00966120945412897
"01/01/2006",5536.32,"5,410.24","5,537.58","5,409.28","443.16M","2.37%",0.0234026056049387
"25/12/2005",5408.26,"5,422.07","5,469.96","5,385.07","151.76M","-0.20%",-0.00199310882794047
"18/12/2005",5419.05,"5,342.93","5,425.62","5,322.83","370.99M","1.22%",0.0121400841766218
"11/12/2005",5353.66,"5,316.46","5,356.67","5,274.97","550.22M","1.35%",0.0134510136978915
"04/12/2005",5282.13,"5,303.92","5,309.93","5,222.24","476.28M","-0.49%",-0.00488380705792104
"27/11/2005",5307.99,"5,218.28","5,307.99","5,155.34","490.54M","2.19%",0.0216571375725715
"20/11/2005",5194.27,"5,140.35","5,204.14","5,127.07","399.34M","1.38%",0.0137182956892228
"13/11/2005",5123.5,"5,083.27","5,162.51","5,063.86","575.62M","0.64%",0.00641263180914832
"06/11/2005",5090.75,"4,994.54","5,092.80","4,983.75","517.62M","1.91%",0.0189397084541929
"30/10/2005",4995.24,"4,854.59","5,013.95","4,854.59","607.93M","3.51%",0.0345420905125353
"23/10/2005",4825.64,"4,838.25","4,930.89","4,762.75","506.31M","-0.26%",-0.00264071908126291
"16/10/2005",4838.4,"4,987.66","4,999.00","4,825.96","551.70M","-2.76%",-0.0279538395268863
"09/10/2005",4975.56,"5,027.28","5,065.17","4,929.11","524.16M","-0.64%",-0.00645277913566251
"02/10/2005",5007.77,"5,060.99","5,138.02","4,980.62","534.77M","-0.72%",-0.00723250223645676
"25/09/2005",5044.12,"4,938.18","5,061.84","4,938.18","527.83M","3.31%",0.032549439778921
"18/09/2005",4882.58,"4,928.14","4,967.31","4,827.86","598.15M","-2.08%",-0.021060492176679
"11/09/2005",4986.5,"5,028.49","5,035.39","4,888.03","616.22M","-0.39%",-0.00388894883189492
"04/09/2005",5005.93,"4,853.60","5,020.47","4,850.53","436.33M","3.48%",0.0341610707016494
"28/08/2005",4837.81,"4,756.68","4,874.89","4,726.33","449.55M","1.13%",0.0112269292356633
"21/08/2005",4783.8,"4,933.74","4,954.41","4,783.80","415.62M","-2.96%",-0.0300855225555026
"14/08/2005",4929.91,"4,935.22","4,953.46","4,834.16","455.88M","-0.15%",-0.00150396694488395
"07/08/2005",4937.33,"4,837.05","4,990.57","4,827.30","544.41M","2.28%",0.0225622530292755
"31/07/2005",4827.18,"4,882.39","4,934.94","4,827.18","496.31M","-1.21%",-0.0122138545712747
"24/07/2005",4886.5,"4,843.69","4,913.02","4,819.42","560.27M","1.03%",0.0102022811410868
"17/07/2005",4836.9,"4,717.59","4,865.72","4,705.29","547.58M","2.63%",0.0259705898470902
"10/07/2005",4712.9,"4,616.36","4,723.65","4,616.36","523.01M","2.50%",0.0246885280647744
"03/07/2005",4597.97,"4,620.86","4,636.96","4,444.94","553.69M","-0.41%",-0.00414540302630799
"26/06/2005",4617.07,"4,547.27","4,623.80","4,517.44","490.87M","1.11%",0.0110176373519923
"19/06/2005",4566.48,"4,601.99","4,637.34","4,560.49","504.19M","-0.83%",-0.00830662116488424
"12/06/2005",4604.57,"4,597.33","4,623.58","4,537.91","681.10M","0.40%",0.00401929889004095
"05/06/2005",4586.1,"4,514.59","4,601.05","4,490.12","498.29M","1.68%",0.0166463654159696
"29/05/2005",4510.39,"4,445.21","4,551.89","4,440.36","459.69M","1.48%",0.0146689992842348
"22/05/2005",4444.71,"4,383.02","4,453.01","4,374.49","462.67M","1.93%",0.019086616490073
"15/05/2005",4360.68,"4,266.82","4,379.57","4,232.67","465.17M","1.99%",0.0196801768282729
"08/05/2005",4275.7,"4,305.69","4,306.32","4,232.40","492.17M","-0.82%",-0.00823598187821547
"01/05/2005",4311.06,"4,208.63","4,314.98","4,205.05","394.27M","3.02%",0.0297153421222082
"24/04/2005",4184.84,"4,214.97","4,249.86","4,157.51","555.37M","-0.90%",-0.00908677641590924
"17/04/2005",4223.04,"4,266.27","4,266.27","4,159.95","622.64M","-2.07%",-0.0209045618162736
"10/04/2005",4312.25,"4,388.81","4,422.88","4,309.25","493.16M","-2.01%",-0.0202992647752413
"03/04/2005",4400.68,"4,355.84","4,413.24","4,323.24","414.24M","0.62%",0.00618861108891233
"27/03/2005",4373.53,"4,331.96","4,393.20","4,308.92","325.52M","0.69%",0.00686696598832183
"20/03/2005",4343.6,"4,322.47","4,347.72","4,275.55","372.34M","0.38%",0.00378743772262823
"13/03/2005",4327.18,"4,353.73","4,392.17","4,295.70","539.34M","-0.76%",-0.00766837672930654
"06/03/2005",4360.49,"4,424.77","4,435.31","4,330.21","545.62M","-1.42%",-0.0143513228704535
"27/02/2005",4423.52,"4,360.34","4,424.28","4,335.04","543.69M","1.72%",0.0170726066985321
"20/02/2005",4348.64,"4,363.21","4,373.15","4,276.01","551.03M","-0.25%",-0.00248733779973626
"13/02/2005",4359.47,"4,395.37","4,409.09","4,348.66","473.65M","-0.65%",-0.006477472183879
"06/02/2005",4387.8,"4,342.75","4,391.79","4,338.96","483.19M","1.12%",0.0111195267907194
"30/01/2005",4339.28,"4,211.86","4,340.27","4,211.86","510.73M","3.27%",0.0321930508951361
"23/01/2005",4201.81,"4,195.37","4,245.08","4,160.83","596.18M","-0.28%",-0.00282573674360615
"16/01/2005",4213.7,"4,235.94","4,269.73","4,198.34","502.91M","-0.44%",-0.00441863552007404
"09/01/2005",4232.36,"4,311.86","4,324.38","4,191.14","554.32M","-1.95%",-0.0196619644067932
"02/01/2005",4316.4,"4,260.92","4,325.77","4,242.07","450.08M","1.42%",0.0140731726522781
"26/12/2004",4256.08,"4,254.41","4,272.18","4,235.36","122.05M","0.10%",0.00104846207754465
"19/12/2004",4251.62,"4,178.17","4,253.68","4,176.38","266.76M","1.66%",0.0164459254449093
"12/12/2004",4182.27,"4,189.34","4,250.05","4,173.59","540.85M","0.18%",0.00184759327018726
"05/12/2004",4174.55,"4,199.25","4,231.46","4,131.24","389.52M","-0.82%",-0.00818763505267709
"28/11/2004",4208.87,"4,160.89","4,233.52","4,107.62","531.63M","1.31%",0.0130574821808485
"21/11/2004",4154.27,"4,115.91","4,161.55","4,088.59","354.77M","0.47%",0.00467599498908158
"14/11/2004",4134.89,"4,162.93","4,202.45","4,106.87","489.37M","-0.20%",-0.00204391342729735
"07/11/2004",4143.35,"4,063.83","4,162.37","4,051.61","541.97M","1.96%",0.0194402808936913
"31/10/2004",4063.58,"3,961.18","4,111.78","3,959.25","476.32M","2.61%",0.0257572038920519
"24/10/2004",3960.25,"3,880.48","3,994.19","3,838.98","502.16M","0.64%",0.00636069520548986
"17/10/2004",3935.14,"3,926.51","3,983.45","3,889.72","432.12M","0.33%",0.00331668508564669
"10/10/2004",3922.11,"4,011.83","4,026.99","3,897.48","517.45M","-2.33%",-0.0235420597006555
"03/10/2004",4015.54,"4,005.64","4,078.50","4,001.52","496.77M","0.52%",0.00513826734387414
"26/09/2004",3994.96,"3,905.74","3,996.11","3,848.28","446.68M","2.17%",0.0214194692557976
"19/09/2004",3910.3,"3,986.33","3,999.47","3,887.84","447.83M","-1.95%",-0.0196933072068496
"12/09/2004",3988.07,"3,890.29","4,000.13","3,890.29","501.01M","2.63%",0.0259193336574838
"05/09/2004",3886.03,"3,867.45","3,905.11","3,836.04","357.52M","0.49%",0.00491164430818652
"29/08/2004",3866.99,"3,848.80","3,882.78","3,778.19","384.47M","0.41%",0.00409683179120292
"22/08/2004",3851.18,"3,722.23","3,856.03","3,722.23","363.31M","3.73%",0.0366444615271476
"15/08/2004",3712.61,"3,643.08","3,758.51","3,618.58","407.01M","1.80%",0.0178329634764244
"08/08/2004",3646.99,"3,726.51","3,736.55","3,618.69","498.32M","-2.17%",-0.0218999820588793
"01/08/2004",3727.74,"3,891.18","3,891.78","3,719.46","434.37M","-4.31%",-0.0440481261983237
"25/07/2004",3895.61,"3,795.66","3,911.30","3,749.04","447.69M","2.59%",0.0255520899081414
"18/07/2004",3797.33,"3,845.03","3,899.42","3,785.29","428.41M","-1.26%",-0.0127172580807873
"11/07/2004",3845.93,"3,911.54","3,928.07","3,837.63","404.13M","-2.00%",-0.0202209602132625
"04/07/2004",3924.49,"3,998.19","4,011.54","3,882.75","381.00M","-1.86%",-0.0187504073458852
"27/06/2004",3998.77,"4,016.82","4,101.52","3,990.50","419.88M","-0.36%",-0.0036394901957912
"20/06/2004",4013.35,"4,008.50","4,029.11","3,916.42","408.25M","0.34%",0.0033844442861452
"13/06/2004",3999.79,"4,008.61","4,018.60","3,933.12","468.57M","-0.37%",-0.00368589261059405
"06/06/2004",4014.56,"3,973.45","4,040.77","3,973.45","346.75M","1.33%",0.0131964720765533
"30/05/2004",3961.93,"3,904.39","3,973.57","3,856.04","333.01M","1.52%",0.0150575343381146
"23/05/2004",3902.72,"3,842.41","3,940.71","3,809.98","398.03M","1.85%",0.018328640354182
"16/05/2004",3831.84,"3,801.47","3,883.15","3,710.02","444.40M","0.76%",0.00752858195280791
"09/05/2004",3803.1,"3,894.98","3,894.98","3,769.59","525.40M","-2.38%",-0.0240414554161987
"02/05/2004",3895.64,"3,972.88","4,029.32","3,852.90","485.47M","-2.25%",-0.0227320294229158
"25/04/2004",3985.21,"4,105.97","4,156.89","3,968.86","558.38M","-2.89%",-0.029279502519149
"18/04/2004",4103.62,"4,033.00","4,129.14","3,995.59","512.75M","1.73%",0.0171160293273924
"11/04/2004",4033.98,"4,016.09","4,094.23","3,970.02","371.81M","0.51%",0.00508232832732367
"04/04/2004",4013.53,"4,015.23","4,065.71","4,000.44","373.14M","0.15%",0.00147859493123007
"28/03/2004",4007.6,"3,828.04","4,008.08","3,823.67","496.25M","4.85%",0.047332374082966
"21/03/2004",3822.33,"3,802.53","3,849.99","3,692.40","618.63M","0.08%",0.000832299550236794
"14/03/2004",3819.15,"3,908.61","3,909.87","3,775.11","733.06M","-2.46%",-0.024884502542552
"07/03/2004",3915.38,"4,131.34","4,163.19","3,824.54","600.38M","-5.11%",-0.0524299579292926
"29/02/2004",4126.14,"4,026.19","4,151.84","4,026.19","473.94M","2.69%",0.0265182588353261
"22/02/2004",4018.16,"4,074.11","4,106.08","3,960.41","505.67M","-1.35%",-0.0136416703137099
"15/02/2004",4073.35,"4,054.96","4,147.34","4,040.49","444.61M","0.40%",0.00400964819401195
"08/02/2004",4057.05,"4,051.36","4,150.56","4,047.92","420.88M","0.30%",0.00297703020647177
"01/02/2004",4044.99,"4,062.79","4,087.21","4,007.87","486.49M","-0.34%",-0.00335900824121854
"25/01/2004",4058.6,"4,152.09","4,175.48","4,048.52","533.53M","-2.25%",-0.0227111143413086
"18/01/2004",4151.83,"4,111.89","4,171.49","4,099.47","533.82M","0.98%",0.00972722521991385
"11/01/2004",4111.64,"4,010.05","4,122.93","3,980.19","587.89M","2.38%",0.0234907735799849
"04/01/2004",4016.18,"4,019.94","4,073.33","3,982.83","592.32M","-0.06%",-0.000577496568494903
"28/12/2003",4018.5,"3,907.57","4,022.96","3,907.57","133.56M","2.95%",0.0290761017886483
"21/12/2003",3903.34,"3,891.67","3,913.26","3,870.56","108.98M","0.13%",0.00126125403811762
"14/12/2003",3898.42,"3,866.92","3,930.26","3,823.71","518.68M","0.99%",0.00987048117777055
"07/12/2003",3860.13,"3,834.89","3,904.43","3,778.73","474.53M","0.48%",0.00477807568717113
"30/11/2003",3841.73,"3,752.72","3,894.82","3,752.72","520.05M","2.56%",0.0252475296168535
"23/11/2003",3745.95,"3,642.70","3,786.37","3,642.70","396.18M","2.85%",0.0280736338101067
"16/11/2003",3642.25,"3,792.89","3,792.89","3,576.52","500.82M","-4.09%",-0.0417149994752094
"09/11/2003",3797.4,"3,778.27","3,813.20","3,696.95","513.86M","0.39%",0.00391559294782705
"02/11/2003",3782.56,"3,657.61","3,814.21","3,651.77","520.39M","3.46%",0.0340341107209471
"26/10/2003",3655.99,"3,459.07","3,675.78","3,459.07","449.90M","5.89%",0.0572277625533847
"19/10/2003",3452.64,"3,520.54","3,593.50","3,423.34","438.25M","-1.82%",-0.0183753633157965
"12/10/2003",3516.67,"3,480.13","3,606.00","3,480.13","475.84M","1.31%",0.0129997594819429
"05/10/2003",3471.25,"3,414.06","3,512.21","3,332.82","470.75M","1.53%",0.0151666489817081
"28/09/2003",3419,"3,324.00","3,439.89","3,202.87","514.79M","2.83%",0.0279235503489139
"21/09/2003",3324.85,"3,578.16","3,578.16","3,275.54","575.08M","-7.09%",-0.0735750456656224
"14/09/2003",3578.7,"3,512.28","3,629.59","3,506.38","565.46M","2.01%",0.0199364278473761
"07/09/2003",3508.06,"3,612.85","3,670.30","3,473.79","455.44M","-2.76%",-0.0280100439033481
"31/08/2003",3607.71,"3,493.34","3,676.88","3,493.34","474.36M","3.53%",0.0347257015793371
"24/08/2003",3484.58,"3,547.65","3,547.65","3,438.86","384.10M","-1.82%",-0.0183324415902371
"17/08/2003",3549.05,"3,447.58","3,588.53","3,447.58","437.13M","3.05%",0.0300667008850722
"10/08/2003",3443.93,"3,333.07","3,470.53","3,309.85","413.88M","3.35%",0.032968510633502
"03/08/2003",3332.24,"3,433.72","3,464.60","3,299.77","430.58M","-3.10%",-0.03150399437394
"27/07/2003",3438.89,"3,360.67","3,487.86","3,360.67","464.06M","2.44%",0.0241337947868763
"20/07/2003",3356.89,"3,370.07","3,390.61","3,254.19","447.99M","-0.29%",-0.00292105627416423
"13/07/2003",3366.71,"3,335.12","3,430.76","3,312.90","501.93M","1.21%",0.0120123000254784
"06/07/2003",3326.51,"3,244.94","3,363.43","3,244.94","627.81M","2.68%",0.0264707541691469
"29/06/2003",3239.61,"3,228.81","3,271.31","3,119.35","435.09M","0.46%",0.0046254338553755
"22/06/2003",3224.66,"3,236.96","3,263.12","3,157.70","471.80M","-0.44%",-0.00443094709143899
"15/06/2003",3238.98,"3,156.80","3,324.44","3,122.40","630.23M","2.22%",0.0219339004213165
"08/06/2003",3168.71,"3,124.59","3,253.70","3,075.19","518.59M","1.32%",0.0131033914945663
"01/06/2003",3127.46,"2,990.93","3,146.91","2,990.93","559.64M","4.85%",0.0473989482864855
"25/05/2003",2982.68,"2,821.54","2,997.62","2,769.45","412.32M","5.66%",0.0550822973889035
"18/05/2003",2822.83,"2,976.38","2,976.38","2,773.77","494.85M","-5.56%",-0.0572257199143472
"11/05/2003",2989.08,"2,961.14","3,029.49","2,871.61","496.47M","1.10%",0.0109290705321902
"04/05/2003",2956.59,"2,991.74","3,068.08","2,861.70","529.36M","-0.98%",-0.00989812190127668
"27/04/2003",2986,"2,834.46","3,004.79","2,821.35","435.78M","5.21%",0.0507540806749335
"20/04/2003",2838.23,"2,898.36","3,000.76","2,828.84","413.57M","-2.12%",-0.0214542536037254
"13/04/2003",2899.78,"2,741.66","2,915.69","2,700.33","411.31M","6.07%",0.0588874221336492
"06/04/2003",2733.95,"2,654.76","2,824.99","2,654.44","556.91M","3.01%",0.0296531390673549
"30/03/2003",2654.07,"2,511.99","2,656.25","2,395.72","498.52M","5.29%",0.0515021315313342
"23/03/2003",2520.84,"2,712.62","2,712.62","2,481.71","492.65M","-7.15%",-0.074221873275771
"16/03/2003",2715.06,"2,398.11","2,731.57","2,327.87","874.25M","12.98%",0.122017031128711
"09/03/2003",2403.19,"2,437.32","2,482.14","2,188.75","644.24M","-1.17%",-0.0117771302385303
"02/03/2003",2431.66,"2,553.74","2,600.76","2,393.59","441.42M","-4.53%",-0.0463616750439518
"23/02/2003",2547.05,"2,648.49","2,648.55","2,433.15","552.90M","-3.84%",-0.0391973072200271
"16/02/2003",2648.87,"2,683.48","2,750.08","2,565.14","590.23M","-0.96%",-0.00961435684774855
"09/02/2003",2674.46,"2,573.26","2,711.59","2,528.90","447.20M","4.09%",0.040098434223328
"02/02/2003",2569.34,"2,750.40","2,802.93","2,561.73","475.01M","-6.50%",-0.0671624526858388
"26/01/2003",2747.83,"2,716.42","2,753.26","2,563.92","596.38M","1.10%",0.010981420902875
"19/01/2003",2717.82,"2,927.58","2,966.78","2,714.89","502.73M","-6.89%",-0.071349336646459
"12/01/2003",2918.82,"3,039.91","3,145.66","2,918.26","481.65M","-3.90%",-0.0397994150053972
"05/01/2003",3037.33,"3,101.17","3,157.25","2,932.93","469.48M","-1.80%",-0.0181432548504193
"29/12/2002",3092.94,"2,838.87","3,124.86","2,836.01","176.42M","8.91%",0.0853180426995668
"22/12/2002",2840,"3,022.31","3,048.29","2,840.00","74.27M","-6.09%",-0.062849154820674
"15/12/2002",3024.22,"3,074.51","3,222.40","2,925.87","522.24M","-1.72%",-0.0173213886685153
"08/12/2002",3077.06,"3,206.36","3,223.42","3,034.12","388.55M","-4.07%",-0.0415265748803325
"01/12/2002",3207.53,"3,332.73","3,476.83","3,108.76","530.34M","-3.40%",-0.0345599932831415
"24/11/2002",3320.32,"3,322.78","3,403.40","3,148.94","401.18M","-0.02%",-0.000168644221323649
"17/11/2002",3320.88,"3,195.97","3,337.34","3,117.02","406.86M","4.05%",0.0396573192562211
"10/11/2002",3191.76,"3,076.25","3,232.07","2,987.85","445.63M","3.66%",0.0359351422986207
"03/11/2002",3079.1,"3,167.49","3,443.49","3,072.81","490.32M","-2.72%",-0.0275662607487146
"27/10/2002",3165.16,"3,105.29","3,235.66","2,999.60","433.13M","2.04%",0.0201533187651955
"20/10/2002",3102.01,"3,151.94","3,299.01","2,983.64","466.28M","-1.95%",-0.0196824576336659
"13/10/2002",3163.67,"2,928.63","3,226.25","2,793.93","544.11M","7.95%",0.0764777952413456
"06/10/2002",2930.74,"2,710.33","2,930.74","2,519.30","545.06M","7.96%",0.0766029704455465
"29/09/2002",2714.62,"2,906.60","2,974.34","2,677.61","468.07M","-7.00%",-0.0725548525549558
"22/09/2002",2918.9,"3,063.44","3,106.09","2,774.36","507.68M","-4.79%",-0.0490788809720639
"15/09/2002",3065.73,"3,359.33","3,445.59","2,956.56","566.84M","-8.79%",-0.0920361398625575
"08/09/2002",3361.28,"3,480.57","3,615.59","3,275.28","332.40M","-3.57%",-0.0363412933177643
"01/09/2002",3485.68,"3,698.69","3,698.69","3,301.81","406.53M","-6.12%",-0.0631608684946771
"25/08/2002",3712.94,"3,830.08","3,900.11","3,580.91","316.93M","-3.01%",-0.0305863762447995
"18/08/2002",3828.26,"3,681.67","3,930.96","3,628.46","382.75M","3.90%",0.0382239945971569
"11/08/2002",3684.69,"3,750.26","3,750.26","3,542.06","346.40M","-2.03%",-0.0204612573806341
"04/08/2002",3760.86,"3,533.30","3,760.86","3,235.38","480.48M","6.46%",0.062644649936644
"28/07/2002",3532.49,"3,584.51","3,945.38","3,496.49","483.21M","-1.30%",-0.0130804270676843
"21/07/2002",3579,"3,888.11","3,888.11","3,265.96","622.29M","-8.04%",-0.0838088995876637
"14/07/2002",3891.88,"4,124.53","4,152.45","3,825.54","567.04M","-5.78%",-0.0595787614435594
"07/07/2002",4130.8,"4,475.89","4,480.49","4,039.23","519.11M","-7.86%",-0.0818280642831561
"30/06/2002",4483.03,"4,377.10","4,483.03","4,101.58","441.55M","2.29%",0.0226661285629893
"23/06/2002",4382.56,"4,233.87","4,388.27","3,946.70","528.73M","3.55%",0.0348638204874092
"16/06/2002",4232.4,"4,317.84","4,503.80","4,153.31","632.34M","-1.66%",-0.0167407629031779
"09/06/2002",4303.85,"4,617.19","4,686.13","4,252.86","390.54M","-6.64%",-0.0687569308483973
"02/06/2002",4610.18,"4,818.07","4,850.38","4,513.00","326.79M","-4.32%",-0.0441542669553794
"26/05/2002",4818.3,"4,896.84","5,016.11","4,741.95","315.47M","-1.65%",-0.0166364695773001
"19/05/2002",4899.13,"5,046.17","5,059.42","4,859.54","333.07M","-2.73%",-0.0276358883565436
"12/05/2002",5036.41,"4,861.15","5,126.33","4,832.86","378.26M","3.38%",0.0332505745316534
"05/05/2002",4871.7,"4,884.03","5,028.59","4,773.49","320.41M","-0.23%",-0.00226972962188985
"28/04/2002",4882.77,"4,994.20","5,066.97","4,872.19","330.45M","-2.35%",-0.0238012277673424
"21/04/2002",5000.38,"5,285.42","5,285.42","4,984.62","384.86M","-5.38%",-0.0552735595093352
"14/04/2002",5284.55,"5,194.94","5,378.27","5,167.19","312.39M","1.83%",0.018121211531363
"07/04/2002",5189.65,"5,261.37","5,290.87","5,128.02","312.23M","-1.35%",-0.0135655246056796
"31/03/2002",5260.53,"5,379.64","5,379.64","5,211.74","229.00M","-2.53%",-0.0256651936186906
"24/03/2002",5397.29,"5,361.20","5,424.52","5,289.93","212.73M","0.58%",0.00578999742661472
"17/03/2002",5366.13,"5,399.15","5,467.31","5,312.03","351.78M","-0.65%",-0.00649750968016136
"10/03/2002",5401.11,"5,360.04","5,403.28","5,233.66","451.93M","0.78%",0.00772447166774276
"03/03/2002",5359.55,"5,107.87","5,376.23","5,107.87","426.98M","5.14%",0.0501474487373688
"24/02/2002",5097.41,"4,758.83","5,116.14","4,731.41","361.86M","7.41%",0.0715189090746379
"17/02/2002",4745.58,"4,865.83","4,894.49","4,706.01","333.17M","-2.41%",-0.0243596157634098
"10/02/2002",4862.6,"4,845.24","4,992.60","4,834.15","341.72M","0.55%",0.00549568070994112
"03/02/2002",4835.95,"5,088.83","5,093.49","4,730.70","443.05M","-5.12%",-0.0525863093431357
"27/01/2002",5097.06,"5,156.52","5,205.63","4,980.70","378.50M","-1.16%",-0.0116193624360724
"20/01/2002",5156.63,"5,122.40","5,219.85","5,006.26","333.49M","0.67%",0.00669337425165436
"13/01/2002",5122.23,"5,206.23","5,206.23","4,974.58","412.90M","-1.68%",-0.0169842064878993
"06/01/2002",5209.97,"5,327.40","5,347.12","5,172.04","422.20M","-2.04%",-0.0206604554591484
"30/12/2001",5318.73,"5,155.26","5,352.16","5,107.36","202.20M","3.07%",0.0302785938998101
"23/12/2001",5160.1,"5,032.87","5,175.57","5,032.87","55.50M","2.81%",0.0277232560510634
"16/12/2001",5019.01,"4,913.93","5,115.79","4,877.57","377.10M","2.23%",0.0220768945435234
"09/12/2001",4909.42,"5,200.54","5,212.95","4,901.04","340.40M","-5.57%",-0.0573162611693213
"02/12/2001",5199.03,"4,986.58","5,341.86","4,872.25","394.20M","4.19%",0.0410541961967494
"25/11/2001",4989.91,"5,159.81","5,217.47","4,874.23","358.34M","-3.13%",-0.031767172926034
"18/11/2001",5150.97,"5,071.63","5,212.03","5,016.92","331.74M","1.74%",0.0172969600833936
"11/11/2001",5062.64,"4,907.61","5,114.40","4,648.68","454.51M","3.11%",0.0305998880473224
"04/11/2001",4910.07,"4,588.69","5,005.95","4,588.69","353.93M","7.13%",0.0688667538015281
"28/10/2001",4583.31,"4,812.60","4,812.60","4,457.72","323.11M","-4.92%",-0.0504064239939891
"21/10/2001",4820.26,"4,518.36","4,874.31","4,480.16","336.75M","6.80%",0.0657483160559399
"14/10/2001",4513.53,"4,619.59","4,779.64","4,445.64","349.35M","-2.41%",-0.0244249262170009
"07/10/2001",4625.13,"4,469.11","4,742.18","4,330.54","342.61M","3.06%",0.0301663859265103
"30/09/2001",4487.69,"4,315.06","4,592.14","4,157.60","362.11M","4.17%",0.04082951512148
"23/09/2001",4308.15,"3,792.86","4,317.63","3,792.86","418.54M","13.75%",0.128873696463754
"16/09/2001",3787.23,"4,120.56","4,301.47","3,539.18","612.66M","-7.99%",-0.0832420777077793
"09/09/2001",4115.98,"4,725.16","4,788.38","4,115.98","482.51M","-12.99%",-0.139189882647682
"02/09/2001",4730.67,"5,195.67","5,220.10","4,713.12","370.55M","-8.82%",-0.0923141923221356
"26/08/2001",5188.17,"5,397.64","5,455.12","5,132.27","285.08M","-3.70%",-0.0377004215865424
"19/08/2001",5387.5,"5,219.75","5,423.54","5,124.69","313.55M","3.17%",0.0311780057156945
"12/08/2001",5222.12,"5,441.10","5,569.05","5,174.30","329.88M","-3.89%",-0.0396782033705614
"05/08/2001",5433.49,"5,734.24","5,802.68","5,387.34","397.82M","-5.27%",-0.0541595294916574
"29/07/2001",5735.88,"5,749.25","5,930.45","5,712.48","265.67M","-0.33%",-0.00330353262909843
"22/07/2001",5754.86,"5,751.13","5,844.07","5,551.14","263.26M","-0.16%",-0.00159737231549939
"15/07/2001",5764.06,"5,927.45","5,928.89","5,684.56","278.77M","-2.77%",-0.0280464873809564
"08/07/2001",5928.01,"5,861.92","5,932.64","5,731.85","320.00M","1.12%",0.0111806737345235
"01/07/2001",5862.1,"6,053.81","6,131.97","5,846.63","275.32M","-3.24%",-0.0329345364429685
"24/06/2001",6058.38,"5,928.50","6,058.50","5,758.69","299.27M","1.96%",0.0194353688250186
"17/06/2001",5941.77,"5,921.61","5,980.14","5,812.70","299.64M","0.45%",0.00448514071068334
"10/06/2001",5915.18,"6,189.06","6,225.84","5,889.41","674.30M","-4.40%",-0.0449623300348811
"03/06/2001",6187.21,"6,134.10","6,278.04","6,134.10","238.98M","1.01%",0.010077746961903
"27/05/2001",6125.17,"6,225.66","6,255.19","5,994.66","299.73M","-1.58%",-0.0159371859381811
"20/05/2001",6223.57,"6,193.13","6,337.47","6,139.24","223.18M","0.59%",0.00591439255667941
"13/05/2001",6186.87,"6,122.45","6,226.58","5,960.46","269.29M","0.75%",0.0074384523886416
"06/05/2001",6141.02,"6,137.92","6,222.24","6,025.86","264.29M","0.04%",0.000446279518454038
"29/04/2001",6138.28,"6,176.73","6,296.62","6,001.51","217.91M","-0.60%",-0.00600317553345141
"22/04/2001",6175.24,"6,118.24","6,186.68","6,032.74","258.82M","0.77%",0.00768421129057402
"15/04/2001",6127.97,"6,004.32","6,224.30","5,827.62","228.73M","2.09%",0.0207208077570123
"08/04/2001",6002.3,"5,695.77","6,019.26","5,657.87","217.51M","5.32%",0.0518730648024332
"01/04/2001",5698.88,"5,843.37","5,912.26","5,383.99","298.16M","-2.25%",-0.0227387596907892
"25/03/2001",5829.95,"5,557.82","5,944.25","5,557.82","295.42M","5.15%",0.0501713180397781
"18/03/2001",5544.67,"5,732.85","5,805.71","5,351.48","293.38M","-3.31%",-0.0336617130332077
"11/03/2001",5734.49,"6,202.37","6,202.37","5,663.54","601.11M","-7.57%",-0.0787631222923338
"04/03/2001",6204.42,"6,172.35","6,342.54","6,134.02","225.56M","0.74%",0.0073442673020198
"25/02/2001",6159.02,"6,079.97","6,284.81","6,052.01","230.98M","1.38%",0.0136797192413336
"18/02/2001",6075.34,"6,441.26","6,530.13","6,071.35","266.19M","-5.65%",-0.0581756719429653
"11/02/2001",6439.26,"6,498.93","6,603.17","6,439.26","244.55M","-0.89%",-0.00893767936216277
"04/02/2001",6497.07,"6,633.78","6,693.45","6,497.07","200.12M","-2.13%",-0.0214895363571613
"28/01/2001",6638.2,"6,699.10","6,795.14","6,624.19","223.25M","-0.85%",-0.00855000933553487
"21/01/2001",6695.2,"6,652.46","6,775.26","6,594.19","247.78M","0.66%",0.00654394834403175
"14/01/2001",6651.53,"6,506.70","6,737.18","6,452.62","259.10M","2.49%",0.0245797501910328
"07/01/2001",6490.03,"6,368.83","6,552.52","6,293.49","240.88M","1.69%",0.0167370524103974
"31/12/2000",6382.31,"6,431.14","6,556.94","6,172.44","215.44M","-0.80%",-0.00800571070831566
"24/12/2000",6433.61,"6,252.11","6,469.74","6,252.11","62.36M","2.91%",0.0287303728353251
"17/12/2000",6251.4,"6,337.81","6,505.75","6,110.26","199.00M","-1.26%",-0.0127001476542663
"10/12/2000",6331.3,"6,702.25","6,813.30","6,331.30","284.09M","-5.38%",-0.0552951164071317
"03/12/2000",6691.25,"6,507.64","6,745.91","6,343.45","234.82M","2.74%",0.0270143417734786
"26/11/2000",6512.91,"6,665.25","6,804.22","6,361.43","206.22M","-2.27%",-0.0229605543521028
"19/11/2000",6664.18,"6,755.23","6,794.41","6,474.50","192.53M","-1.30%",-0.0131347913042097
"12/11/2000",6752.29,"6,839.98","6,976.63","6,690.61","196.68M","-1.45%",-0.0146136305650913
"05/11/2000",6851.69,"7,139.94","7,185.66","6,831.40","205.80M","-3.88%",-0.0395732310656247
"29/10/2000",7128.27,"6,921.33","7,152.45","6,880.18","213.84M","2.94%",0.0289767266195697
"22/10/2000",6924.68,"6,614.18","6,930.36","6,542.87","221.40M","4.63%",0.0452336599182718
"15/10/2000",6618.43,"6,668.12","6,725.33","6,297.49","235.53M","-0.64%",-0.00645647899822717
"08/10/2000",6661.3,"6,776.04","6,776.04","6,383.17","234.17M","-1.70%",-0.0171298510743595
"01/10/2000",6776.39,"6,800.07","6,921.08","6,712.48","167.00M","-0.32%",-0.00320159159503798
"24/09/2000",6798.12,"6,739.28","6,884.63","6,716.84","198.86M","0.86%",0.00854908714433169
"17/09/2000",6740.25,"6,959.93","6,977.25","6,468.46","239.87M","-3.70%",-0.0377474163858653
"10/09/2000",6999.54,"7,267.68","7,273.30","6,976.41","279.83M","-3.69%",-0.0376050718532522
"03/09/2000",7267.77,"7,355.74","7,456.71","7,248.94","166.43M","-1.05%",-0.0105253756301467
"27/08/2000",7344.67,"7,320.93","7,397.12","7,168.52","168.00M","0.51%",0.00511882219329156
"20/08/2000",7307.17,"7,233.74","7,333.09","7,147.15","163.24M","1.03%",0.0102823612756141
"13/08/2000",7232.42,"7,323.87","7,380.19","7,214.68","158.01M","-1.24%",-0.0124436523292639
"06/08/2000",7322.98,"7,020.65","7,327.22","7,020.65","197.70M","4.37%",0.0427400039192859
"30/07/2000",7016.59,"7,135.39","7,251.88","6,954.60","176.42M","-1.57%",-0.0157954317901481
"23/07/2000",7128.3,"7,377.98","7,428.17","7,076.37","228.99M","-3.32%",-0.033787165361173
"16/07/2000",7373.26,"7,320.10","7,503.32","7,303.91","178.01M","0.75%",0.00747095018130092
"09/07/2000",7318.38,"7,052.68","7,342.22","6,955.58","175.04M","3.77%",0.0370465311322029
"02/07/2000",7052.22,"6,912.97","7,090.11","6,842.61","178.87M","2.23%",0.0220805032145147
"25/06/2000",6898.21,"6,986.89","7,085.27","6,851.84","156.83M","-1.18%",-0.0118456966461184
"18/06/2000",6980.41,"7,134.17","7,270.20","6,976.97","180.24M","-2.12%",-0.0213999142833639
"11/06/2000",7131.4,"7,251.29","7,388.24","7,131.40","344.87M","-1.70%",-0.0171185327417321
"04/06/2000",7254.53,"7,456.22","7,486.40","7,211.97","148.02M","-2.48%",-0.0251036085237947
"28/05/2000",7438.95,"6,956.14","7,460.51","6,956.14","135.95M","7.22%",0.0696685982971619
"21/05/2000",6938.33,"6,983.46","7,040.57","6,794.08","179.95M","-0.73%",-0.00728066538941705
"14/05/2000",6989.03,"7,266.08","7,398.48","6,958.92","156.70M","-3.86%",-0.0393154725566409
"07/05/2000",7269.28,"7,532.97","7,532.97","7,013.70","154.60M","-3.47%",-0.0353466841232377
"30/04/2000",7530.82,"7,407.53","7,571.72","7,321.43","109.76M","1.57%",0.0155421147319193
"23/04/2000",7414.68,"7,164.15","7,444.28","7,096.38","118.78M","3.59%",0.035238191765275
"16/04/2000",7157.95,"7,201.66","7,305.94","6,890.96","151.04M","-0.79%",-0.00791500279664004
"09/04/2000",7214.83,"7,534.91","7,614.81","7,168.90","152.42M","-4.09%",-0.041720018443214
"02/04/2000",7522.2,"7,599.78","7,641.53","7,205.86","203.15M","-1.02%",-0.0102093325452337
"26/03/2000",7599.39,"7,932.71","8,031.21","7,522.70","167.06M","-4.20%",-0.0428901784182556
"19/03/2000",7932.42,"7,716.24","7,949.72","7,677.08","188.45M","2.87%",0.0283206533236437
"12/03/2000",7710.92,"7,977.06","7,991.07","7,411.76","698.52M","-3.32%",-0.0337932578257259
"05/03/2000",7975.95,"7,960.09","8,136.16","7,877.19","230.32M","0.20%",0.00199799514005821
"27/02/2000",7960.03,"7,732.90","8,022.48","7,492.23","180.61M","2.86%",0.0282016382714828
"20/02/2000",7738.68,"7,568.34","7,813.20","7,447.71","191.48M","2.18%",0.021538848103033
"13/02/2000",7573.78,"7,569.01","7,699.97","7,342.65","227.73M","-0.50%",-0.00497454818412397
"06/02/2000",7611.55,"7,450.79","7,812.09","7,263.19","282.40M","2.24%",0.0221765498895807
"30/01/2000",7444.61,"7,054.24","7,491.79","6,816.54","245.15M","5.35%",0.0521108216103453
"23/01/2000",7066.6,"6,987.59","7,214.58","6,809.64","198.47M","1.06%",0.0105055609561609
"16/01/2000",6992.75,"7,177.48","7,306.48","6,939.94","229.20M","-2.52%",-0.0254807491972269
"09/01/2000",7173.22,"6,785.47","7,207.45","6,783.22","215.74M","5.78%",0.056235962394832
"02/01/2000",6780.96,"6,961.72","7,159.33","6,388.91","239.67M","-2.55%",0
