"Date","weighted_log_return"
"30/12/2018",0.0189953001416348
"23/12/2018",0.0105679163756429
"16/12/2018",-0.0473501686341005
"09/12/2018",-0.00274365822759673
"02/12/2018",-0.0448533688784934
"25/11/2018",0.0265430529083669
"18/11/2018",-0.025901256751884
"11/11/2018",-0.0163367461701632
"04/11/2018",0.0109702117463451
"28/10/2018",0.0259752857945174
"21/10/2018",-0.0356299421829978
"14/10/2018",0.00141826340581585
"07/10/2018",-0.0458424413700114
"30/09/2018",-0.0104339562120809
"23/09/2018",-0.0101473406321293
"16/09/2018",0.0167164025065253
"09/09/2018",0.0126033236044471
"02/09/2018",-0.0217972893565886
"26/08/2018",0.00341466643706868
"19/08/2018",0.0117671711825207
"12/08/2018",-0.00571418421201959
"05/08/2018",-0.00889040109066968
"29/07/2018",-0.0057985350771498
"22/07/2018",0.0147840965444324
"15/07/2018",0.000917037479907649
"08/07/2018",0.00924062728516234
"01/07/2018",0.0152341366398662
"24/06/2018",-0.0176702468354572
"17/06/2018",-0.0213146534540832
"10/06/2018",0.00957938491040924
"03/06/2018",0.0097133675468695
"27/05/2018",-0.00589327098673941
"20/05/2018",-0.00383188636351701
"13/05/2018",0.00022158085457167
"06/05/2018",0.0189622859655829
"29/04/2018",0.00818204538080065
"22/04/2018",0.00156392896997605
"15/04/2018",0.00652507026078956
"08/04/2018",0.0180009711541524
"01/04/2018",-0.0010006734935507
"25/03/2018",0.0188352117453179
"18/03/2018",-0.051407098783808
"11/03/2018",-0.00450564965383487
"04/03/2018",0.0352515211795585
"25/02/2018",-0.0336770032187916
"18/02/2018",0.00402855407066871
"11/02/2018",0.0350832575351562
"04/02/2018",-0.053730626915561
"28/01/2018",-0.0409020347933192
"21/01/2018",0.00748888577281064
"14/01/2018",0.011399069104106
"07/01/2018",0.00498443577655433
"31/12/2017",0.0281615472869656
"24/12/2017",-0.0077859098906003
"17/12/2017",0.000229585387759325
"10/12/2017",0.00265374090027774
"03/12/2017",0.0129857786703897
"26/11/2017",-6.33029316324495e-05
"19/11/2017",0.00708657871747535
"12/11/2017",-0.00578847968660607
"05/11/2017",-0.0142793135881222
"29/10/2017",0.0110986530235019
"22/10/2017",0.00976966485021088
"15/10/2017",0.00427497288568572
"08/10/2017",0.00213727589668985
"01/10/2017",0.0108413641711321
"24/09/2017",0.0127171984480219
"17/09/2017",0.00332639183806659
"10/09/2017",0.016474885865987
"03/09/2017",0.00353779079662271
"27/08/2017",0.00576890243228854
"20/08/2017",0.00370749259775605
"13/08/2017",0.0030101951333209
"06/08/2017",-0.0188884444318017
"30/07/2017",0.0064757564345465
"23/07/2017",-0.00325912907904345
"16/07/2017",-0.0130577636719605
"09/07/2017",0.0166933839220579
"02/07/2017",0.00293690272188821
"25/06/2017",-0.0193576138044357
"18/06/2017",0.000299121262786515
"11/06/2017",-0.00217992457326233
"04/06/2017",-0.00178032191125668
"28/05/2017",0.0134719923159939
"21/05/2017",0.00565936518044415
"14/05/2017",-0.00710539081778193
"07/05/2017",0.00034837435487467
"30/04/2017",0.0142415732223686
"23/04/2017",0.0234085191796038
"16/04/2017",0.00171860330455935
"09/04/2017",-0.0104457219340588
"02/04/2017",-0.00510030534036552
"26/03/2017",0.0141800118222606
"19/03/2017",-0.00853918948646325
"12/03/2017",0.00667845508318153
"05/03/2017",-0.00488730418027579
"26/02/2017",0.0126933237641294
"19/02/2017",0.00542431407942472
"12/02/2017",0.0113564116160433
"05/02/2017",0.00471284307055208
"29/01/2017",-0.00634252899352623
"22/01/2017",0.0129749894971238
"15/01/2017",-0.000691676426357892
"08/01/2017",0.000784750830308205
"01/01/2017",0.0135588120469955
"25/12/2016",-0.00418594359743259
"18/12/2016",0.00327425111573804
"11/12/2016",0.00854042704035842
"04/12/2016",0.0469786116133188
"27/11/2016",-0.0136226414965464
"20/11/2016",0.00878028414069209
"13/11/2016",0.00385597223387707
"06/11/2016",0.0381934918596309
"30/10/2016",-0.0306497458781458
"23/10/2016",-0.00413553297096772
"16/10/2016",0.00803618769703232
"09/10/2016",-0.000594431041930035
"02/10/2016",-0.0043217887515095
"25/09/2016",-0.00465921417368226
"18/09/2016",0.0227157111995349
"11/09/2016",-0.0115988134871143
"04/09/2016",-0.0173038359156125
"28/08/2016",0.0070309575766582
"21/08/2016",-0.00135270867117136
"14/08/2016",-0.00799469694956048
"07/08/2016",0.0166952902905195
"31/07/2016",0.0035628129787314
"24/07/2016",0.00894847703264633
"17/07/2016",0.00704980909829342
"10/07/2016",0.0296216590515671
"03/07/2016",-0.0011804245386918
"26/06/2016",0.0271568965074041
"19/06/2016",-0.0120961208226448
"12/06/2016",-0.0164053648002717
"05/06/2016",-0.0142040703982638
"29/05/2016",-0.00896119660050887
"22/05/2016",0.0295905093690604
"15/05/2016",-0.000463120060052265
"08/05/2016",0.00161863779475827
"01/05/2016",-0.0104692787288608
"24/04/2016",-0.022711630456613
"17/04/2016",0.0183628198477083
"10/04/2016",0.0298500474829981
"03/04/2016",-0.0149892293938263
"27/03/2016",0.0060799341871147
"20/03/2016",-0.00836085686173508
"13/03/2016",0.0127764398659412
"06/03/2016",0.00587355398249614
"28/02/2016",0.029234082300248
"21/02/2016",0.0144569103863593
"14/02/2016",0.0369273708783532
"07/02/2016",-0.021539950379844
"31/01/2016",-0.042585078352814
"24/01/2016",0.0103650121865344
"17/01/2016",0.0183890625666703
"10/01/2016",-0.02664666491917
"03/01/2016",-0.0741741305978704
"27/12/2015",-0.00343770501323807
"20/12/2015",0.0192326783014582
"13/12/2015",0.011102938963579
"06/12/2015",-0.0388673161382734
"29/11/2015",-0.0241968104876943
"22/11/2015",0.00798509906247132
"15/11/2015",0.0349335240176706
"08/11/2015",-0.0313665037171134
"01/11/2015",0.0110623405302718
"25/10/2015",0.00358212311134926
"18/10/2015",0.0432666545030282
"11/10/2015",0.00488862255549702
"04/10/2015",0.043687101334007
"27/09/2015",-0.0018838199741426
"20/09/2015",-0.0184739206005164
"13/09/2015",-0.0111204047055917
"06/09/2015",0.0145015738716519
"30/08/2015",-0.0301127639327107
"23/08/2015",0.0130611915108506
"16/08/2015",-0.0704993326567747
"09/08/2015",-0.0191520901745091
"02/08/2015",0.00169301825475275
"26/07/2015",0.00408478579414804
"19/07/2015",-0.0253325362552585
"12/07/2015",0.0274656020543545
"05/07/2015",0.0114592473243483
"28/06/2015",-0.0251635707690539
"21/06/2015",0.0180589338887604
"14/06/2015",-0.00325583575830914
"07/06/2015",0.000276239880810398
"31/05/2015",-0.0130493090987421
"24/05/2015",-0.0216830708416252
"17/05/2015",0.0166039773678663
"10/05/2015",-0.00978079408357342
"03/05/2015",0.012872755003715
"26/04/2015",-0.0175475452584181
"19/04/2015",0.0138934344036906
"12/04/2015",-0.0335083513187552
"05/04/2015",0.0251549634245731
"29/03/2015",0.00559493284090445
"22/03/2015",-0.0184473335097274
"15/03/2015",0.0188992699239694
"08/03/2015",0.0106220535458013
"01/03/2015",-0.0014551670942496
"22/02/2015",0.0142592028743088
"15/02/2015",0.00712651336675137
"08/02/2015",0.0153642987958647
"01/02/2015",0.0219925203956057
"25/01/2015",-0.0119479308612582
"18/01/2015",0.0311072019014164
"11/01/2015",0.019962958310363
"04/01/2015",-0.00925069504971061
"28/12/2014",-0.0153661238408039
"21/12/2014",0.0112137606243921
"14/12/2014",0.0266939815738835
"07/12/2014",-0.0429366608302156
"30/11/2014",0.007180694227011
"23/11/2014",0.0135789584810944
"16/11/2014",0.0310383002972274
"09/11/2014",-0.00015688538200609
"02/11/2014",0.00154274902292963
"26/10/2014",0.0319422980240334
"19/10/2014",0.0279187724422343
"12/10/2014",-0.00162264533633517
"05/10/2014",-0.0385732314492407
"28/09/2014",-0.019565488754248
"21/09/2014",-0.0229044047359577
"14/09/2014",0.0138373277412407
"07/09/2014",-0.0104952209845135
"31/08/2014",0.0154893726763248
"24/08/2014",0.0107149712842559
"17/08/2014",0.0218329495183507
"10/08/2014",0.0106393421873876
"03/08/2014",-0.00934966409973704
"27/07/2014",-0.0366463416191367
"20/07/2014",-0.00389501004839068
"13/07/2014",0.00546805004589198
"06/07/2014",-0.021942103295141
"29/06/2014",0.0159849678996583
"22/06/2014",-0.00917633444618668
"15/06/2014",0.0105877116044365
"08/06/2014",-0.00715244035848116
"01/06/2014",0.00888332435170974
"25/05/2014",0.0149166098760885
"18/05/2014",0.0131614805430286
"11/05/2014",0.0023153587046654
"04/05/2014",0.00062128913687626
"27/04/2014",0.0128859765491431
"20/04/2014",-0.000822705208516361
"13/04/2014",0.0184000294191925
"06/04/2014",-0.0334381601576116
"30/03/2014",0.00763754317040736
"23/03/2014",0.0105136092295975
"16/03/2014",0.0224222022926144
"09/03/2014",-0.0259164629794031
"02/03/2014",-0.0129522842110953
"23/02/2014",0.00809324516869746
"16/02/2014",-0.000929740881355786
"09/02/2014",0.0304561128923546
"02/02/2014",0.00378613661517063
"26/01/2014",-0.00672985791260776
"19/01/2014",-0.0316828813209832
"12/01/2014",0.0130400025412222
"05/01/2014",0.00500868521323205
"29/12/2013",-0.0108385166135431
"22/12/2013",0.0162707974612035
"15/12/2013",0.0333595249465494
"08/12/2013",-0.0174438656477464
"01/12/2013",-0.0127360437298377
"24/11/2013",0.0102920375653828
"17/11/2013",0.0045645342170298
"10/11/2013",0.0126802969275634
"03/11/2013",0.00643473743713724
"27/10/2013",0.00175869871996644
"20/10/2013",0.0111158968006889
"13/10/2013",0.019954191583987
"06/10/2013",0.0096139510963932
"29/09/2013",-0.00259932616924738
"22/09/2013",-0.00615882064906857
"15/09/2013",0.0161289762811879
"08/09/2013",0.0237443248983496
"01/09/2013",0.0172851448234272
"25/08/2013",-0.028261390470168
"18/08/2013",0.00380099177131682
"11/08/2013",-0.00742742783827019
"04/08/2013",-0.0094644769428087
"28/07/2013",0.015028750206468
"21/07/2013",-0.00535797041423635
"14/07/2013",0.0107096114136598
"07/07/2013",0.0399828105865846
"30/06/2013",-0.00181021528352745
"23/06/2013",0.0151237530165995
"16/06/2013",-0.0319386944138145
"09/06/2013",-0.0128267871776482
"02/06/2013",-0.00181054889962993
"26/05/2013",-0.003136300512477
"19/05/2013",-0.0109359911471852
"12/05/2013",0.0173905224059237
"05/05/2013",0.0154660759647901
"28/04/2013",0.029366037696603
"21/04/2013",0.0318347305423402
"14/04/2013",-0.0294209521355434
"07/04/2013",0.016905325890653
"31/03/2013",-0.0139321121434626
"24/03/2013",-0.00345342273353906
"17/03/2013",-0.00946462881453277
"10/03/2013",0.00657657251779857
"03/03/2013",0.0284799304648226
"24/02/2013",0.00386611525008266
"17/02/2013",0.00310329878478117
"10/02/2013",-0.00323340468116652
"03/02/2013",-0.0101346213295532
"27/01/2013",0.00181867710137919
"20/01/2013",0.0156902078827521
"13/01/2013",0.00384660832776473
"06/01/2013",-0.00202831638358482
"30/12/2012",0.0329820856886433
"23/12/2012",-0.0113498652290096
"16/12/2012",0.00843710020565443
"09/12/2012",0.00361941259656605
"02/12/2012",0.00819213047069163
"25/11/2012",0.0090375679296038
"18/11/2012",0.0429482805697851
"11/11/2012",-0.0223795548688055
"04/11/2012",-0.026086704013236
"28/10/2012",0.00984368350610738
"21/10/2012",-0.0176517788879702
"14/10/2012",0.0117458828384834
"07/10/2012",-0.0224970105486588
"30/09/2012",0.0194177436647349
"23/09/2012",-0.0227703878722734
"16/09/2012",0.000736039765108645
"09/09/2012",0.0231040171863688
"02/09/2012",0.0282003636640044
"26/08/2012",-0.00163487128259048
"19/08/2012",-0.00746694458061109
"12/08/2012",0.0112392357910165
"05/08/2012",0.0110335246090215
"29/07/2012",0.0148117293750822
"22/07/2012",0.01293897344668
"15/07/2012",0.00769190760747907
"08/07/2012",0.0121104909359265
"01/07/2012",-0.00323424504445106
"24/06/2012",0.0221323464536348
"17/06/2012",-0.000211453356991805
"10/06/2012",0.0144147207319353
"03/06/2012",0.0249025494172455
"27/05/2012",-0.0387071508629348
"20/05/2012",0.0140983414559594
"13/05/2012",-0.0459925925052943
"06/05/2012",-0.00436579495158657
"29/04/2012",-0.0303089096678062
"22/04/2012",0.0127040378384616
"15/04/2012",0.0154751093774403
"08/04/2012",-0.0243749157071252
"01/04/2012",-0.0162059200377371
"25/03/2012",0.00054969650420154
"18/03/2012",-0.0139808949861228
"11/03/2012",0.031778548356076
"04/03/2012",-0.00252980388156842
"26/02/2012",0.00555247254531763
"19/02/2012",0.00284984487201856
"12/02/2012",0.0183278348622751
"05/02/2012",-0.00631734905626402
"29/01/2012",0.0299188160243608
"22/01/2012",0.00869091440098848
"15/01/2012",0.0309232509251623
"08/01/2012",0.0113743030954736
"01/01/2012",0.0213181942353246
"25/12/2011",-0.0014149684057102
"18/12/2011",0.0336785960570073
"11/12/2011",-0.0387392149308376
"04/12/2011",-0.00342230658567546
"27/11/2011",0.0864749490044263
"20/11/2011",-0.0512272629879248
"13/11/2011",-0.0411019947788334
"06/11/2011",0.0117772379160177
"30/10/2011",-0.0434278323697457
"23/10/2011",0.0490382883272031
"16/10/2011",0.00586553862976959
"09/10/2011",0.0540916484305686
"02/10/2011",0.0260518291701179
"25/09/2011",0.0263500702524667
"18/09/2011",-0.0688556931138134
"11/09/2011",0.0617231798240217
"04/09/2011",-0.0409652570461086
"28/08/2011",-0.00112711762123884
"21/08/2011",0.0283788992076543
"14/08/2011",-0.069153785568497
"07/08/2011",-0.0281405891474186
"31/07/2011",-0.106288456852158
"24/07/2011",-0.031572751086067
"17/07/2011",0.0181584986679165
"10/07/2011",-0.0228877445551456
"03/07/2011",0.0004116874945304
"26/06/2011",0.0478148440478139
"19/06/2011",-0.00418777994044141
"12/06/2011",0.006819088708067
"05/06/2011",-0.0141092743896584
"29/05/2011",-0.0155735138789496
"22/05/2011",-0.00797659231449219
"15/05/2011",-0.0109926840135433
"08/05/2011",-0.00687464416822504
"01/05/2011",-0.0101383748052201
"24/04/2011",0.0244979669847504
"17/04/2011",0.0147591745241075
"10/04/2011",-0.00589685206442415
"03/04/2011",0.000990963676559045
"27/03/2011",0.0235603850159208
"20/03/2011",0.0340633366175647
"13/03/2011",-0.032949357906359
"06/03/2011",-0.0203676059960345
"27/02/2011",4.4367192789161e-05
"20/02/2011",-0.0242634405024303
"13/02/2011",0.00798336432782681
"06/02/2011",0.0175496160637091
"30/01/2011",0.0212676218197664
"23/01/2011",0.000112032038416995
"16/01/2011",-0.00477773022199341
"09/01/2011",0.0175944750974079
"02/01/2011",0.00790767769258648
"26/12/2010",-0.00992498481328713
"19/12/2010",0.010501618770077
"12/12/2010",-0.000282797577708555
"05/12/2010",0.0105537340820127
"28/11/2010",0.0217844575546451
"21/11/2010",-0.00392720997779132
"14/11/2010",0.00824011296607665
"07/11/2010",-0.0124380530708484
"31/10/2010",0.0291242351078381
"24/10/2010",-0.000262384672707995
"17/10/2010",0.0115890266523619
"10/10/2010",0.0204104449976518
"03/10/2010",0.014606348122906
"26/09/2010",-0.00801041647303011
"19/09/2010",0.0172274582895771
"12/09/2010",0.00677317286313756
"05/09/2010",0.00876665524769104
"29/08/2010",0.033586173433288
"22/08/2010",-0.0078391769842479
"15/08/2010",-0.0122021440657836
"08/08/2010",-0.0313263742194803
"01/08/2010",0.0180136817365798
"25/07/2010",-0.00197264855241267
"18/07/2010",0.027760040937461
"11/07/2010",-0.00816682463993328
"04/07/2010",0.0457935255127657
"27/06/2010",-0.0456782755721789
"20/06/2010",-0.0304866376090287
"13/06/2010",0.0255216072195662
"06/06/2010",0.021480679852095
"30/05/2010",-0.0120012908477193
"23/05/2010",0.0107203666744996
"16/05/2010",-0.0407269051650121
"09/05/2010",0.040067899831898
"02/05/2010",-0.0685147754151502
"25/04/2010",-0.0227159369542746
"18/04/2010",0.0167592244411859
"11/04/2010",-0.00647339863821761
"04/04/2010",0.00799047519195613
"28/03/2010",0.0142580660591655
"21/03/2010",0.0142472976820598
"14/03/2010",0.0074191774216262
"07/03/2010",0.0106636686343952
"28/02/2010",0.0395598462217083
"21/02/2010",-0.0130319353893427
"14/02/2010",0.0351625770840595
"07/02/2010",0.0103921710914193
"31/01/2010",-0.0193871658052036
"24/01/2010",-0.0159159509909997
"17/01/2010",-0.0354875116386432
"10/01/2010",-0.0174922633467737
"03/01/2010",0.0199060704316693
"27/12/2009",-0.00507765910624789
"20/12/2009",0.0214804710733743
"13/12/2009",0.00468196673283184
"06/12/2009",-0.00510725513579689
"29/11/2009",0.0180730316336775
"22/11/2009",0.00202946579843467
"15/11/2009",-0.00304751059468082
"08/11/2009",0.028952287055132
"01/11/2009",0.0224488269297909
"25/10/2009",-0.0496886736544603
"18/10/2009",-0.00400162515442953
"11/10/2009",0.0102490981352662
"04/10/2009",0.0439031597317185
"27/09/2009",-0.0195363702134055
"20/09/2009",-0.0221708192187949
"13/09/2009",0.0191587472214789
"06/09/2009",0.0345552783302258
"30/08/2009",-0.0183193359965202
"23/08/2009",0.00633608006109299
"16/08/2009",0.02511953407622
"09/08/2009",-0.0170889446505116
"02/08/2009",0.0232650689738182
"26/07/2009",0.0139114089494366
"19/07/2009",0.0448467404378758
"12/07/2009",0.0757834122716924
"05/07/2009",-0.023945533926747
"28/06/2009",-0.0195811179942633
"21/06/2009",-0.00781689771244188
"14/06/2009",-0.0365712794135072
"07/06/2009",0.00247668820329384
"31/05/2009",0.024866150365328
"24/05/2009",0.0200351720435187
"17/05/2009",0.021100277027845
"10/05/2009",-0.0438626743232319
"03/05/2009",0.0435467343559225
"26/04/2009",0.0165482907709673
"19/04/2009",-0.00221092208588646
"12/04/2009",0.0278147611482013
"05/04/2009",0.0202327370795839
"29/03/2009",0.0371453891627141
"22/03/2009",0.0462221244676995
"15/03/2009",0.0222153995678685
"08/03/2009",0.088565562827105
"01/03/2009",-0.0600873680719382
"22/02/2009",-0.0449846587685689
"15/02/2009",-0.0829230991959595
"08/02/2009",-0.0501700630408728
"01/02/2009",0.0593254288207238
"25/01/2009",0.0150568036431897
"18/01/2009",-0.0327294676339934
"11/01/2009",-0.0687898814649251
"04/01/2009",-0.0421434440532105
"28/12/2008",0.0685130853317953
"21/12/2008",-0.0157836744058679
"14/12/2008",0.00817166411262257
"07/12/2008",0.0332615620049068
"30/11/2008",-0.043208551727152
"23/11/2008",0.118474032910765
"16/11/2008",-0.109853616053501
"09/11/2008",-0.0556477635545609
"02/11/2008",-0.0248667581219732
"26/10/2008",0.124591677569529
"19/10/2008",-0.0886656610621722
"12/10/2008",0.0478899696050553
"05/10/2008",-0.222153654649522
"28/09/2008",-0.071825366402999
"21/09/2008",-0.0272260427687455
"14/09/2008",-0.0023025467592017
"07/09/2008",0.0124569848727627
"31/08/2008",-0.0395476448300685
"24/08/2008",0.00261914633517362
"17/08/2008",-0.0104174922370777
"10/08/2008",-0.00816500052323071
"03/08/2008",0.0268345709836707
"27/07/2008",-0.00212373314595231
"20/07/2008",0.00305763576462186
"13/07/2008",0.0267730507908307
"06/07/2008",-0.0189254501676523
"29/06/2008",-0.0178849021473649
"22/06/2008",-0.0272753632313912
"15/06/2008",-0.0297281810327433
"08/06/2008",-0.00307550152987068
"01/06/2008",-0.0354594366584281
"25/05/2008",0.019685576791489
"18/05/2008",-0.0327151874768365
"11/05/2008",0.0240084721673731
"04/05/2008",-0.0119951204240714
"27/04/2008",0.0162324453911607
"20/04/2008",0.00658738644182497
"13/04/2008",0.0389320693263679
"06/04/2008",-0.025855999304226
"30/03/2008",0.0358238003598461
"23/03/2008",0.0132256158889115
"16/03/2008",0.005477050338084
"09/03/2008",-0.00681470413914718
"02/03/2008",-0.0318572784891551
"24/02/2008",-0.012667443786666
"17/02/2008",-0.000762373650564545
"10/02/2008",0.0117649739962847
"03/02/2008",-0.0381861016816352
"27/01/2008",0.0348004992944576
"20/01/2008",-0.0331752862619065
"13/01/2008",-0.0546899597828923
"06/01/2008",-0.00961647683896016
"30/12/2007",-0.0394301742228059
"23/12/2007",0.00200816193459115
"16/12/2007",0.00899690900636014
"09/12/2007",-0.0152172440656022
"02/12/2007",0.0156653901954714
"25/11/2007",0.030740294325624
"18/11/2007",-0.00643877401152518
"11/11/2007",-0.0112455452872063
"04/11/2007",-0.0212510759902709
"28/10/2007",-0.0147269490583835
"21/10/2007",0.0155223328602026
"14/10/2007",-0.0298445798844216
"07/10/2007",0.0037855150481644
"30/09/2007",0.0188668832048944
"23/09/2007",0.00461226229457226
"16/09/2007",0.0331921162568291
"09/09/2007",0.0145423032889405
"02/09/2007",-0.0203522128924717
"26/08/2007",0.00682142466223593
"19/08/2007",0.0200933361516945
"12/08/2007",-0.000276053887571645
"05/08/2007",0.0008764664869141
"29/07/2007",-0.0100279004412339
"22/07/2007",-0.0527307587746398
"15/07/2007",-0.0196097892667448
"08/07/2007",0.0099094777774956
"01/07/2007",0.0114832875881459
"24/06/2007",0.00387818390259741
"17/06/2007",-0.0150682044390281
"10/06/2007",0.03648461875858
"03/06/2007",-0.0349308617345972
"27/05/2007",0.02256455371288
"20/05/2007",0.00626886135122083
"13/05/2007",0.0140778479279593
"06/05/2007",-0.002418945966784
"29/04/2007",0.0131585821239072
"22/04/2007",0.00568050275160367
"15/04/2007",0.0196893209468444
"08/04/2007",0.0109751131650879
"01/04/2007",0.021042060369113
"25/03/2007",-0.00403721547953192
"18/03/2007",0.0411005799214728
"11/03/2007",-0.0159734182878115
"04/03/2007",0.0141153315821099
"25/02/2007",-0.0511976214966209
"18/02/2007",0.00104906093700921
"11/02/2007",0.00935506490344275
"04/02/2007",-0.00174143050781015
"28/01/2007",0.023526252539386
"21/01/2007",-0.0071457952997466
"14/01/2007",0.00304175853355249
"07/01/2007",0.0158287668975546
"31/12/2006",-0.00332785220205225
"24/12/2006",0.00982483951526939
"17/12/2006",-0.0123005155867628
"10/12/2006",0.0184826582021094
"03/12/2006",0.0193835768661775
"26/11/2006",-0.0150174237905922
"19/11/2006",-0.000120407946060513
"12/11/2006",0.0115716213976966
"05/11/2006",0.0153036052930384
"29/10/2006",-0.00646700980257424
"22/10/2006",0.00797380478777249
"15/10/2006",0.00344435722025331
"08/10/2006",0.0130706574341114
"01/10/2006",0.0118568242999719
"24/09/2006",0.0181290446538164
"17/09/2006",-0.00646701559907495
"10/09/2006",0.0200755594325309
"03/09/2006",-0.0115962469259434
"27/08/2006",0.0116761220709493
"20/08/2006",-0.00325314669831803
"13/08/2006",0.0303267420906
"06/08/2006",-0.0132958936887959
"30/07/2006",0.00185755737919692
"23/07/2006",0.0379985438516222
"16/07/2006",0.00429932595880179
"09/07/2006",-0.035090448423333
"02/07/2006",-0.00198989854572189
"25/06/2006",0.0239167684441446
"18/06/2006",0.0112766923082344
"11/06/2006",-0.00842818383723465
"04/06/2006",-0.0341368491986768
"28/05/2006",-0.00569137608504421
"21/05/2006",0.0152836711261129
"14/05/2006",-0.0305220688201627
"07/05/2006",-0.0295700498586698
"30/04/2006",0.0142759232361174
"23/04/2006",-0.00726619051275081
"16/04/2006",0.023188411777004
"09/04/2006",-0.00536194789443353
"02/04/2006",-0.00119602758161594
"26/03/2006",-0.00336652252132657
"19/03/2006",0.00600827034854162
"12/03/2006",0.0166062320728897
"05/03/2006",0.00497901572906514
"26/02/2006",-0.0137364136319801
"19/02/2006",0.0073053864324328
"12/02/2006",0.0161053249131696
"05/02/2006",0.00507404328154776
"29/01/2006",-0.0068704791190508
"22/01/2006",0.0358769940479399
"15/01/2006",-0.0226248344514778
"08/01/2006",-0.00399113712530312
"01/01/2006",0.0263684212264433
"25/12/2005",-0.00908985970563583
"18/12/2005",0.0065984374718353
"11/12/2005",0.00987192617021681
"04/12/2005",-0.00470378621139256
"27/11/2005",0.00957725069723878
"20/11/2005",0.0147988502261287
"13/11/2005",0.00866350039181016
"06/11/2005",0.0154091629607854
"30/10/2005",0.0262560092835155
"23/10/2005",0.00659401932547604
"16/10/2005",-0.0169268556286951
"09/10/2005",-0.00714251346235812
"02/10/2005",-0.0171898418214112
"25/09/2005",0.0218064648690568
"18/09/2005",-0.0197511172284133
"11/09/2005",-0.00338434570168404
"04/09/2005",0.0266193487394639
"28/08/2005",0.0109454838492975
"21/08/2005",-0.021068048537567
"14/08/2005",-0.00511101683601333
"07/08/2005",0.0128970444958718
"31/07/2005",-0.00926064009012503
"24/07/2005",0.00530374525915681
"17/07/2005",0.0153252406956693
"10/07/2005",0.0189269198318978
"03/07/2005",0.0051667550486946
"26/06/2005",0.00671166417293079
"19/06/2005",-0.014695400808107
"12/06/2005",0.00981496473510628
"05/06/2005",0.00919615139845345
"29/05/2005",0.00618200205484895
"22/05/2005",0.0135214537332062
"15/05/2005",0.0248753820597485
"08/05/2005",-0.011557708484625
"01/05/2005",0.0210857388726555
"24/04/2005",-0.00249485287987543
"17/04/2005",-0.00631235469714848
"10/04/2005",-0.0267531322847264
"03/04/2005",0.00661155791226626
"27/03/2005",0.00407332201268939
"20/03/2005",-0.00582751018885978
"13/03/2005",-0.00819872587625146
"06/03/2005",-0.0162750786163774
"27/02/2005",0.012953855888145
"20/02/2005",0.00280946648360953
"13/02/2005",-0.00478014551997698
"06/02/2005",0.00650232553270811
"30/01/2005",0.0294354791582023
"23/01/2005",7.90766654371251e-05
"16/01/2005",-0.00928734395700937
"09/01/2005",-0.0105354126382581
"02/01/2005",-0.00369310805513515
"26/12/2004",0.00126327454567373
"19/12/2004",0.0148486060841414
"12/12/2004",0.00352643873024455
"05/12/2004",-0.00542621574751835
"28/11/2004",0.0101179081650931
"21/11/2004",0.00756968666889939
"14/11/2004",-0.00689585788932877
"07/11/2004",0.017378756615159
"31/10/2004",0.0285437352889688
"24/10/2004",0.0186626846566242
"17/10/2004",-0.00399522912980911
"10/10/2004",-0.0180212793748117
"03/10/2004",-0.00158417112375037
"26/09/2004",0.020252272916951
"19/09/2004",-0.0180839102945639
"12/09/2004",0.0150151909959266
"05/09/2004",0.0070546344895604
"29/08/2004",0.0046863980659187
"22/08/2004",0.0225921966993901
"15/08/2004",0.0244275145278587
"08/08/2004",-0.0105600944966725
"01/08/2004",-0.0394567630632825
"25/07/2004",0.0198696591255027
"18/07/2004",-0.013302454956828
"11/07/2004",-0.0152681448446336
"04/07/2004",-0.0149914079092473
"27/06/2004",-0.00582452796995589
"20/06/2004",0.00143224725343327
"13/06/2004",-0.00248129390839121
"06/06/2004",0.0127825492859797
"30/05/2004",0.00834011552244857
"23/05/2004",0.0214129274838866
"16/05/2004",0.002786791418748
"09/05/2004",-0.0133878448558432
"02/05/2004",-0.0152644932100715
"25/04/2004",-0.0294546612687624
"18/04/2004",0.0111907447586874
"11/04/2004",0.00046985733548864
"04/04/2004",-0.00035226723650897
"28/03/2004",0.0386681791051925
"21/03/2004",-0.000359379724227393
"14/03/2004",-0.0172800947392872
"07/03/2004",-0.0421509559041533
"29/02/2004",0.0184377316230449
"22/02/2004",-0.0064582393042632
"15/02/2004",0.00126243994720625
"08/02/2004",0.00282122583776423
"01/02/2004",0.00343512385663328
"25/01/2004",-0.0159404846636506
"18/01/2004",0.00561754239188206
"11/01/2004",0.0196909399639384
"04/01/2004",0.00571040902563225
"28/12/2003",0.020249495387526
"21/12/2003",0.00394024520041909
"14/12/2003",0.0116488609658067
"07/12/2003",0.00830770746742721
"30/11/2003",0.0141805901450664
"23/11/2003",0.0249855318833618
"16/11/2003",-0.0280832599517421
"09/11/2003",0.000598195719834645
"02/11/2003",0.0182053140284039
"26/10/2003",0.0390969496076663
"19/10/2003",-0.0142210134973558
"12/10/2003",0.00710641304470533
"05/10/2003",0.0115535374773537
"28/09/2003",0.0302458413052823
"21/09/2003",-0.0561933472834791
"14/09/2003",0.0185672589157357
"07/09/2003",-0.0153579506896191
"31/08/2003",0.0239560280221391
"24/08/2003",-0.00169507877685795
"17/08/2003",0.0162381520820732
"10/08/2003",0.0231298166512443
"03/08/2003",-0.0170596281589649
"27/07/2003",0.0027025044742942
"20/07/2003",0.00123024140904761
"13/07/2003",0.00358581045687588
"06/07/2003",0.0195061262659709
"29/06/2003",0.00714475583929546
"22/06/2003",-0.012089470200584
"15/06/2003",0.0145349742214689
"08/06/2003",0.00698177718568188
"01/06/2003",0.0360864043046052
"25/05/2003",0.0435536093874778
"18/05/2003",-0.0345143303163297
"11/05/2003",0.0112642179112125
"04/05/2003",-0.00316208943776422
"27/04/2003",0.0424765092164937
"20/04/2003",-0.00780922676728504
"13/04/2003",0.0437930055964405
"06/04/2003",0.0087880907375235
"30/03/2003",0.0345612343017541
"23/03/2003",-0.0554669930969277
"16/03/2003",0.0971826611667464
"09/03/2003",-0.00325343364087833
"02/03/2003",-0.0305221109329294
"23/02/2003",-0.0237541957265541
"16/02/2003",0.00308337545230553
"09/02/2003",0.023173138410363
"02/02/2003",-0.0490150815306775
"26/01/2003",0.00217114785343702
"19/01/2003",-0.0585804759505054
"12/01/2003",-0.0339985452313466
"05/01/2003",0.0012655305799555
"29/12/2002",0.0612655326321499
"22/12/2002",-0.0429203750079103
"15/12/2002",-0.00514294551390254
"08/12/2002",-0.0333908519152921
"01/12/2002",-0.0303072301234831
"24/11/2002",0.00300108240700574
"17/11/2002",0.031087679786934
"10/11/2002",0.0263298689467487
"03/11/2002",-0.017246974488787
"27/10/2002",0.011916971477333
"20/10/2002",-0.0024001810676671
"13/10/2002",0.0667805260456381
"06/10/2002",0.0595406952158688
"29/09/2002",-0.0527351913922271
"22/09/2002",-0.0353124725513892
"15/09/2002",-0.0716230186546539
"08/09/2002",-0.0204748111196277
"01/09/2002",-0.0438186818760716
"25/08/2002",-0.028643972948745
"18/08/2002",0.0255786075488602
"11/08/2002",0.000725448305337599
"04/08/2002",0.0563715590285184
"28/07/2002",9.90621571205002e-05
"21/07/2002",-0.0389113619833038
"14/07/2002",-0.0714381899155132
"07/07/2002",-0.0763346648614854
"30/06/2002",0.0109338424900655
"23/06/2002",0.0177755250852188
"16/06/2002",-0.0174519320441647
"09/06/2002",-0.0443355469774206
"02/06/2002",-0.0409892878113592
"26/05/2002",-0.0160730672182386
"19/05/2002",-0.0242136327698965
"12/05/2002",0.0405012505368081
"05/05/2002",-0.00979878517821437
"28/04/2002",-0.0132449570589205
"21/04/2002",-0.0498299397827687
"14/04/2002",0.0153929176828243
"07/04/2002",-0.0120296162555336
"31/03/2002",-0.0236958859937123
"24/03/2002",0.00232446352429498
"17/03/2002",-0.01079147064728
"10/03/2002",0.00465606728787158
"03/03/2002",0.0392422355047188
"24/02/2002",0.0546398136012604
"17/02/2002",-0.0187158486653813
"10/02/2002",0.00636538022184374
"03/02/2002",-0.0380047276842977
"27/01/2002",-0.0107222005622566
"20/01/2002",0.00586785698020116
"13/01/2002",-0.016419490198858
"06/01/2002",-0.02193934416074
"30/12/2001",0.020063207445076
"23/12/2001",0.0208568113125477
"16/12/2001",0.020650821022572
"09/12/2001",-0.0440972462048013
"02/12/2001",0.0287352763054846
"25/11/2001",-0.0206395169659855
"18/11/2001",0.0137555803936119
"11/11/2001",0.0234189027364413
"04/11/2001",0.0494333013349604
"28/10/2001",-0.0331465858170208
"21/10/2001",0.0471674700175292
"14/10/2001",-0.0206047659141292
"07/10/2001",0.0244545809637337
"30/09/2001",0.0348264505816785
"23/09/2001",0.101898176545302
"16/09/2001",-0.103272921920072
"09/09/2001",-0.066491622389565
"02/09/2001",-0.067698167966081
"26/08/2001",-0.0410016781838657
"19/08/2001",0.0253724331437626
"12/08/2001",-0.031824557348455
"05/08/2001",-0.0371403659204498
"29/07/2001",0.00187279407639552
"22/07/2001",-0.0028800656028346
"15/07/2001",-0.0160137430368533
"08/07/2001",0.0160176410881292
"01/07/2001",-0.0304600736460456
"24/06/2001",0.00932172238783969
"17/06/2001",0.00674723457209631
"10/06/2001",-0.0428928210603616
"03/06/2001",0.00673746120988868
"27/05/2001",-0.0147520702666641
"20/05/2001",-0.00251788615434459
"13/05/2001",0.02196267987127
"06/05/2001",-0.00811211146401088
"29/04/2001",0.00238014267016214
"22/04/2001",0.00787653417182983
"15/04/2001",0.034878190039826
"08/04/2001",0.0497609643325658
"01/04/2001",-0.0253079605004663
"25/03/2001",0.0339983184898248
"18/03/2001",-0.0215026451631744
"11/03/2001",-0.0741656076516085
"04/03/2001",0.00336414207051433
"25/02/2001",0.00213022334196602
"18/02/2001",-0.0509450564772238
"11/02/2001",-0.00952566165796304
"04/02/2001",-0.0237736598315606
"28/01/2001",-0.00630131992213117
"21/01/2001",0.00787257975527719
"14/01/2001",0.021305222166611
"07/01/2001",0.0160877364204135
"31/12/2000",-0.0123776592407547
"24/12/2000",0.019821731434525
"17/12/2000",-0.00871820781360557
"10/12/2000",-0.0491792738988461
"03/12/2000",0.0338666155702644
"26/11/2000",-0.021469318471835
"19/11/2000",-0.016145136661173
"12/11/2000",-0.00667031521488032
"05/11/2000",-0.0415290936223417
"29/10/2000",0.0312773487658905
"22/10/2000",0.0163678966458164
"15/10/2000",0.00498529007756046
"08/10/2000",-0.0210765371202597
"01/10/2000",-0.0112725083565821
"24/09/2000",4.26199853931046e-05
"17/09/2000",-0.0247374995671914
"10/09/2000",-0.0284943919478201
"03/09/2000",-0.0139752292130231
"27/08/2000",0.00728985910286296
"20/08/2000",0.0100542170957237
"13/08/2000",0.0004864227667567
"06/08/2000",0.0244060243313298
"30/07/2000",0.0070332191946514
"23/07/2000",-0.0376891097259455
"16/07/2000",-0.00622749880504994
"09/07/2000",0.0289221843238104
"02/07/2000",0.019324061333399
"25/06/2000",-0.0013925557357666
"18/06/2000",-0.0186080622780765
"11/06/2000",-0.00598858421976868
"04/06/2000",-0.0194737097725652
"28/05/2000",0.0696049662892841
"21/05/2000",-0.0140286100066434
"14/05/2000",-0.0246119655932933
"07/05/2000",-0.0217629502603334
"30/04/2000",0.0009080074229347
"23/04/2000",0.0238159836230254
"16/04/2000",0.0239885769586926
"09/04/2000",-0.076537033056259
"02/04/2000",0.0007894028355957
"26/03/2000",-0.0309892052450012
"19/03/2000",0.0352167380981356
"12/03/2000",0.0073777756085717
"05/03/2000",-0.0040291451089956
"27/02/2000",0.0417502223018063
"20/02/2000",0.0060184132915419
"13/02/2000",-0.0175000548333358
"06/02/2000",-0.00216170277812465
"30/01/2000",0.0491190462117719
"23/01/2000",-0.0237396057411175
"16/01/2000",-0.0209256315890222
"09/01/2000",0.0362650812378646
"02/01/2000",0
