"Date","Price","Open","High","Low","Vol.","Change %"
"30/12/2018","4,737.12","4,708.74","4,750.51","4,606.20","283.44M","1.25%"
"23/12/2018","4,678.74","4,650.42","4,700.49","4,555.99","187.25M","-0.33%"
"16/12/2018","4,694.38","4,840.12","4,847.50","4,628.24","615.75M","-3.28%"
"09/12/2018","4,853.70","4,797.92","4,935.48","4,732.02","510.38M","0.84%"
"02/12/2018","4,813.13","5,112.58","5,115.13","4,760.98","516.15M","-3.81%"
"25/11/2018","5,003.92","4,982.54","5,036.81","4,958.71","467.95M","1.15%"
"18/11/2018","4,946.95","5,040.68","5,062.75","4,894.30","389.56M","-1.56%"
"11/11/2018","5,025.20","5,130.38","5,140.45","4,986.19","457.36M","-1.60%"
"04/11/2018","5,106.75","5,101.87","5,168.11","5,066.39","408.49M","0.09%"
"28/10/2018","5,102.13","4,958.51","5,162.18","4,929.94","505.65M","2.71%"
"21/10/2018","4,967.37","5,130.29","5,135.69","4,896.80","580.40M","-2.31%"
"14/10/2018","5,084.66","5,095.12","5,205.38","5,057.45","502.29M","-0.22%"
"07/10/2018","5,095.98","5,339.49","5,349.31","5,095.74","507.84M","-4.91%"
"30/09/2018","5,359.36","5,494.93","5,519.94","5,354.79","414.98M","-2.44%"
"23/09/2018","5,493.49","5,480.64","5,546.80","5,458.21","425.59M","-0.01%"
"16/09/2018","5,494.17","5,344.55","5,499.03","5,329.97","580.25M","2.65%"
"09/09/2018","5,352.57","5,250.76","5,366.34","5,240.04","375.41M","1.91%"
"02/09/2018","5,252.22","5,400.70","5,428.22","5,226.31","406.75M","-2.86%"
"26/08/2018","5,406.85","5,455.40","5,506.76","5,403.16","322.66M","-0.47%"
"19/08/2018","5,432.50","5,362.37","5,449.75","5,356.32","288.96M","1.64%"
"12/08/2018","5,344.93","5,402.41","5,447.93","5,287.18","363.01M","-1.29%"
"05/08/2018","5,414.68","5,487.28","5,539.41","5,391.01","353.72M","-1.17%"
"29/07/2018","5,478.98","5,490.20","5,531.58","5,445.91","427.95M","-0.59%"
"22/07/2018","5,511.76","5,382.86","5,514.40","5,358.82","453.93M","2.10%"
"15/07/2018","5,398.32","5,429.43","5,459.72","5,342.30","369.98M","-0.57%"
"08/07/2018","5,429.20","5,403.04","5,439.56","5,349.48","384.93M","0.99%"
"01/07/2018","5,375.77","5,264.40","5,393.46","5,242.64","408.63M","0.98%"
"24/06/2018","5,323.53","5,350.96","5,371.58","5,246.41","420.48M","-1.19%"
"17/06/2018","5,387.38","5,487.70","5,491.84","5,302.09","435.43M","-2.08%"
"10/06/2018","5,501.88","5,459.81","5,560.62","5,408.30","554.90M","0.95%"
"03/06/2018","5,450.22","5,497.74","5,512.82","5,405.36","424.22M","-0.28%"
"27/05/2018","5,465.53","5,565.66","5,577.38","5,381.38","578.89M","-1.39%"
"20/05/2018","5,542.55","5,626.70","5,657.44","5,519.78","418.35M","-1.28%"
"13/05/2018","5,614.51","5,539.05","5,643.15","5,524.44","432.89M","1.31%"
"06/05/2018","5,541.94","5,511.94","5,547.20","5,496.39","308.21M","0.47%"
"29/04/2018","5,516.05","5,477.44","5,538.73","5,474.48","342.21M","0.60%"
"22/04/2018","5,483.19","5,404.72","5,483.19","5,388.67","400.43M","1.30%"
"15/04/2018","5,412.83","5,322.41","5,425.79","5,298.94","397.95M","1.84%"
"08/04/2018","5,315.02","5,271.00","5,339.05","5,247.57","368.63M","1.08%"
"01/04/2018","5,258.24","5,144.63","5,282.72","5,094.69","346.92M","1.76%"
"25/03/2018","5,167.30","5,106.34","5,194.98","5,038.12","373.67M","1.41%"
"18/03/2018","5,095.22","5,263.39","5,265.44","5,059.67","432.24M","-3.55%"
"11/03/2018","5,282.75","5,298.22","5,311.66","5,224.31","471.55M","0.16%"
"04/03/2018","5,274.40","5,116.39","5,293.08","5,115.94","487.81M","2.68%"
"25/02/2018","5,136.58","5,343.57","5,363.52","5,121.24","473.09M","-3.40%"
"18/02/2018","5,317.37","5,295.33","5,322.35","5,249.85","367.13M","0.68%"
"11/02/2018","5,281.58","5,130.40","5,291.48","5,081.62","495.03M","3.98%"
"04/02/2018","5,079.21","5,322.94","5,332.77","5,051.21","677.16M","-5.33%"
"28/01/2018","5,364.98","5,534.14","5,537.53","5,364.98","422.78M","-2.97%"
"21/01/2018","5,529.15","5,520.21","5,567.03","5,456.05","410.97M","0.05%"
"14/01/2018","5,526.51","5,515.55","5,535.95","5,474.11","370.03M","0.17%"
"07/01/2018","5,517.06","5,483.47","5,529.30","5,478.92","424.58M","0.85%"
"31/12/2017","5,470.75","5,318.74","5,470.75","5,258.66","320.65M","2.98%"
"24/12/2017","5,312.56","5,359.82","5,388.14","5,312.56","133.75M","-0.97%"
"17/12/2017","5,364.72","5,386.40","5,427.87","5,323.54","341.71M","0.29%"
"10/12/2017","5,349.30","5,411.71","5,429.03","5,330.10","487.49M","-0.92%"
"03/12/2017","5,399.09","5,363.29","5,425.75","5,316.55","422.24M","1.55%"
"26/11/2017","5,316.89","5,378.96","5,441.69","5,299.06","462.52M","-1.36%"
"19/11/2017","5,390.46","5,311.28","5,419.88","5,302.85","328.65M","1.34%"
"12/11/2017","5,319.17","5,382.65","5,384.76","5,267.22","445.32M","-1.14%"
"05/11/2017","5,380.72","5,507.07","5,525.55","5,375.12","438.09M","-2.49%"
"29/10/2017","5,517.97","5,488.33","5,536.40","5,486.24","374.51M","0.43%"
"22/10/2017","5,494.13","5,377.45","5,513.53","5,364.16","417.80M","2.27%"
"15/10/2017","5,372.38","5,362.53","5,394.23","5,343.00","382.65M","0.39%"
"08/10/2017","5,351.74","5,364.81","5,378.51","5,338.14","326.64M","-0.15%"
"01/10/2017","5,359.90","5,332.92","5,381.74","5,326.66","354.42M","0.56%"
"24/09/2017","5,329.81","5,267.99","5,329.81","5,255.11","373.35M","0.92%"
"17/09/2017","5,281.29","5,231.99","5,295.93","5,219.71","361.33M","1.29%"
"10/09/2017","5,213.91","5,145.78","5,237.17","5,145.78","599.70M","1.96%"
"03/09/2017","5,113.49","5,088.28","5,148.06","5,050.09","472.61M","-0.19%"
"27/08/2017","5,123.26","5,076.47","5,138.42","4,995.07","377.83M","0.37%"
"20/08/2017","5,104.33","5,091.31","5,149.08","5,066.19","296.70M","-0.19%"
"13/08/2017","5,114.15","5,082.87","5,200.16","5,074.45","308.57M","1.05%"
"06/08/2017","5,060.92","5,210.73","5,231.65","5,046.75","379.79M","-2.74%"
"30/07/2017","5,203.44","5,127.63","5,216.40","5,084.20","406.89M","1.40%"
"23/07/2017","5,131.39","5,133.68","5,218.56","5,094.36","455.30M","0.27%"
"16/07/2017","5,117.66","5,238.41","5,251.25","5,095.12","396.12M","-2.25%"
"09/07/2017","5,235.31","5,160.70","5,259.47","5,135.95","355.86M","1.75%"
"02/07/2017","5,145.16","5,151.19","5,200.73","5,111.16","395.65M","0.48%"
"25/06/2017","5,120.68","5,295.04","5,323.73","5,117.23","479.86M","-2.76%"
"18/06/2017","5,266.12","5,305.22","5,339.55","5,224.05","401.38M","0.05%"
"11/06/2017","5,263.31","5,282.58","5,314.96","5,176.67","553.98M","-0.69%"
"04/06/2017","5,299.71","5,337.11","5,343.79","5,250.68","399.97M","-0.82%"
"28/05/2017","5,343.41","5,327.73","5,372.97","5,273.56","458.37M","0.13%"
"21/05/2017","5,336.64","5,335.12","5,368.88","5,282.42","393.72M","0.23%"
"14/05/2017","5,324.40","5,411.27","5,417.40","5,238.51","562.30M","-1.50%"
"07/05/2017","5,405.42","5,442.10","5,442.10","5,356.41","621.38M","-0.50%"
"30/04/2017","5,432.40","5,284.88","5,432.40","5,274.29","508.80M","3.13%"
"23/04/2017","5,267.33","5,267.88","5,296.52","5,228.54","722.66M","4.11%"
"16/04/2017","5,059.20","5,078.25","5,093.60","4,980.41","569.84M","-0.23%"
"09/04/2017","5,071.10","5,127.36","5,142.81","5,062.32","372.36M","-1.25%"
"02/04/2017","5,135.28","5,130.18","5,135.28","5,051.61","436.31M","0.25%"
"26/03/2017","5,122.51","4,975.09","5,122.51","4,971.07","456.79M","2.02%"
"19/03/2017","5,020.90","5,008.08","5,054.91","4,953.57","428.31M","-0.17%"
"12/03/2017","5,029.24","4,997.88","5,037.85","4,958.88","547.42M","0.72%"
"05/03/2017","4,993.32","4,983.96","5,022.10","4,933.77","485.43M","-0.04%"
"26/02/2017","4,995.13","4,864.13","5,002.32","4,833.77","534.45M","3.09%"
"19/02/2017","4,845.24","4,894.25","4,922.64","4,806.49","491.13M","-0.46%"
"12/02/2017","4,867.58","4,844.22","4,932.35","4,841.60","503.79M","0.81%"
"05/02/2017","4,828.32","4,829.68","4,845.45","4,733.82","501.44M","0.06%"
"29/01/2017","4,825.42","4,823.50","4,847.47","4,748.90","473.40M","-0.30%"
"22/01/2017","4,839.98","4,816.98","4,901.07","4,800.39","468.29M","-0.22%"
"15/01/2017","4,850.67","4,883.43","4,911.39","4,818.88","476.26M","-1.46%"
"08/01/2017","4,922.49","4,915.35","4,924.58","4,856.50","485.44M","0.26%"
"01/01/2017","4,909.84","4,845.96","4,929.60","4,843.93","367.01M","0.98%"
"25/12/2016","4,862.31","4,840.17","4,864.29","4,822.29","188.35M","0.47%"
"18/12/2016","4,839.68","4,820.49","4,852.58","4,812.08","374.56M","0.13%"
"11/12/2016","4,833.27","4,769.84","4,856.96","4,746.55","686.35M","1.45%"
"04/12/2016","4,764.07","4,506.66","4,780.52","4,502.20","655.65M","5.19%"
"27/11/2016","4,528.82","4,544.09","4,597.54","4,490.15","529.61M","-0.47%"
"20/11/2016","4,550.27","4,525.46","4,571.79","4,479.69","434.00M","1.02%"
"13/11/2016","4,504.35","4,528.05","4,560.88","4,479.94","542.24M","0.34%"
"06/11/2016","4,489.27","4,440.11","4,606.66","4,344.88","760.61M","2.55%"
"30/10/2016","4,377.46","4,525.60","4,540.26","4,355.81","473.01M","-3.76%"
"23/10/2016","4,548.58","4,551.73","4,579.28","4,496.97","475.14M","0.28%"
"16/10/2016","4,536.07","4,452.72","4,555.11","4,439.91","455.10M","1.46%"
"09/10/2016","4,470.92","4,458.07","4,520.18","4,370.65","499.20M","0.47%"
"02/10/2016","4,449.91","4,447.54","4,521.36","4,432.77","487.02M","0.04%"
"25/09/2016","4,448.26","4,455.59","4,505.30","4,342.64","474.20M","-0.90%"
"18/09/2016","4,488.69","4,368.85","4,528.89","4,368.85","446.96M","3.61%"
"11/09/2016","4,332.45","4,415.23","4,470.26","4,310.88","626.65M","-3.54%"
"04/09/2016","4,491.40","4,550.82","4,569.62","4,481.09","418.12M","-1.12%"
"28/08/2016","4,542.17","4,421.46","4,548.04","4,390.04","463.87M","2.26%"
"21/08/2016","4,441.87","4,397.39","4,455.61","4,377.70","346.54M","0.94%"
"14/08/2016","4,400.52","4,503.65","4,528.00","4,373.75","332.32M","-2.21%"
"07/08/2016","4,500.19","4,419.02","4,510.06","4,407.32","357.02M","2.03%"
"31/07/2016","4,410.55","4,469.99","4,477.44","4,293.34","484.72M","-0.66%"
"24/07/2016","4,439.81","4,381.63","4,474.67","4,353.62","519.48M","1.34%"
"17/07/2016","4,381.10","4,375.09","4,408.13","4,304.20","412.88M","0.20%"
"10/07/2016","4,372.51","4,221.22","4,402.23","4,207.37","533.80M","4.34%"
"03/07/2016","4,190.68","4,288.50","4,288.66","4,062.07","551.65M","-1.95%"
"26/06/2016","4,273.96","4,073.72","4,288.72","3,955.98","848.91M","4.07%"
"19/06/2016","4,106.73","4,301.19","4,490.55","4,007.97","873.01M","-2.08%"
"12/06/2016","4,193.83","4,253.98","4,275.97","4,109.82","710.06M","-2.62%"
"05/06/2016","4,306.72","4,407.01","4,486.47","4,301.10","490.24M","-2.60%"
"29/05/2016","4,421.78","4,507.09","4,536.63","4,396.63","470.33M","-2.06%"
"22/05/2016","4,514.74","4,344.89","4,518.22","4,300.18","494.66M","3.69%"
"15/05/2016","4,353.90","4,290.65","4,362.33","4,267.71","462.44M","0.78%"
"08/05/2016","4,319.99","4,322.69","4,374.75","4,253.13","528.41M","0.44%"
"01/05/2016","4,301.24","4,455.76","4,458.74","4,245.17","491.56M","-2.88%"
"24/04/2016","4,428.96","4,561.92","4,579.12","4,428.59","550.95M","-3.08%"
"17/04/2016","4,569.66","4,425.25","4,607.69","4,424.76","565.40M","1.66%"
"10/04/2016","4,495.17","4,294.12","4,515.00","4,263.08","633.87M","4.46%"
"03/04/2016","4,303.12","4,311.19","4,378.05","4,229.12","559.42M","-0.44%"
"27/03/2016","4,322.24","4,354.03","4,466.50","4,261.25","445.01M","-0.17%"
"20/03/2016","4,329.68","4,425.84","4,481.11","4,323.18","424.21M","-2.98%"
"13/03/2016","4,462.51","4,501.81","4,535.91","4,367.44","777.97M","-0.67%"
"06/03/2016","4,492.79","4,436.37","4,580.97","4,350.35","692.35M","0.81%"
"28/02/2016","4,456.62","4,275.84","4,480.21","4,254.77","634.74M","3.29%"
"21/02/2016","4,314.57","4,260.62","4,352.39","4,117.49","598.04M","2.17%"
"14/02/2016","4,223.04","4,086.29","4,279.19","4,076.81","668.56M","5.71%"
"07/02/2016","3,995.06","4,217.45","4,220.85","3,892.46","876.67M","-4.89%"
"31/01/2016","4,200.67","4,418.14","4,422.61","4,176.48","748.28M","-4.90%"
"24/01/2016","4,417.02","4,365.15","4,417.02","4,224.45","675.51M","1.85%"
"17/01/2016","4,336.69","4,211.11","4,371.65","4,084.68","755.99M","3.01%"
"10/01/2016","4,210.16","4,333.21","4,465.56","4,178.87","705.77M","-2.85%"
"03/01/2016","4,333.76","4,582.05","4,586.11","4,323.55","620.20M","-6.54%"
"27/12/2015","4,637.06","4,667.03","4,708.32","4,613.78","189.38M","-0.56%"
"20/12/2015","4,663.18","4,617.20","4,686.09","4,526.86","327.36M","0.82%"
"13/12/2015","4,625.26","4,572.37","4,748.76","4,472.65","848.76M","1.66%"
"06/12/2015","4,549.56","4,746.26","4,803.48","4,527.26","733.95M","-3.50%"
"29/11/2015","4,714.79","4,917.15","4,975.71","4,670.99","761.32M","-4.37%"
"22/11/2015","4,930.14","4,901.68","4,961.45","4,773.98","510.10M","0.39%"
"15/11/2015","4,910.97","4,756.92","4,962.45","4,751.03","560.45M","2.14%"
"08/11/2015","4,807.95","4,978.84","4,983.77","4,762.33","584.37M","-3.54%"
"01/11/2015","4,984.15","4,848.86","5,011.65","4,845.12","703.45M","1.77%"
"25/10/2015","4,897.66","4,908.33","4,924.24","4,841.39","644.20M","-0.53%"
"18/10/2015","4,923.64","4,697.52","4,947.02","4,642.94","619.99M","4.70%"
"11/10/2015","4,702.79","4,705.22","4,718.91","4,580.84","562.38M","0.03%"
"04/10/2015","4,701.39","4,543.07","4,737.69","4,528.02","689.95M","5.44%"
"27/09/2015","4,458.88","4,452.24","4,528.16","4,278.57","759.38M","-0.49%"
"20/09/2015","4,480.66","4,526.28","4,605.26","4,309.42","734.02M","-1.22%"
"13/09/2015","4,535.85","4,554.71","4,665.99","4,495.05","662.93M","-0.28%"
"06/09/2015","4,548.72","4,563.85","4,733.05","4,524.99","499.50M","0.57%"
"30/08/2015","4,523.08","4,636.44","4,692.30","4,499.49","619.35M","-3.25%"
"23/08/2015","4,675.13","4,465.48","4,686.67","4,230.49","985.87M","0.95%"
"16/08/2015","4,630.99","4,996.76","5,025.71","4,630.99","528.20M","-6.57%"
"09/08/2015","4,956.47","5,179.84","5,197.65","4,907.33","509.41M","-3.85%"
"02/08/2015","5,154.75","5,076.80","5,217.80","5,066.15","540.15M","1.42%"
"26/07/2015","5,082.61","5,030.89","5,083.64","4,924.29","630.50M","0.50%"
"19/07/2015","5,057.36","5,134.16","5,184.74","5,051.14","451.74M","-1.31%"
"12/07/2015","5,124.39","4,985.14","5,147.40","4,959.62","545.99M","4.51%"
"05/07/2015","4,903.07","4,709.01","4,922.63","4,601.90","727.02M","1.97%"
"28/06/2015","4,808.22","4,821.45","4,946.62","4,780.55","699.38M","-4.96%"
"21/06/2015","5,059.17","4,926.63","5,095.04","4,911.86","693.02M","5.06%"
"14/06/2015","4,815.37","4,844.95","4,871.07","4,712.97","672.75M","-1.75%"
"07/06/2015","4,901.19","4,906.17","5,022.10","4,783.92","633.65M","-0.40%"
"31/05/2015","4,920.74","5,029.05","5,088.14","4,894.17","597.02M","-1.74%"
"24/05/2015","5,007.89","5,139.65","5,193.77","5,006.46","521.29M","-2.62%"
"17/05/2015","5,142.89","4,996.96","5,155.28","4,932.01","502.86M","2.99%"
"10/05/2015","4,993.82","5,050.92","5,066.57","4,905.70","604.63M","-1.90%"
"03/05/2015","5,090.39","5,060.50","5,133.17","4,874.90","796.57M","0.87%"
"26/04/2015","5,046.49","5,198.79","5,283.71","4,987.26","651.13M","-2.98%"
"19/04/2015","5,201.45","5,154.91","5,243.57","5,146.27","663.99M","1.13%"
"12/04/2015","5,143.26","5,236.11","5,269.50","5,132.71","1.02B","-1.85%"
"05/04/2015","5,240.46","5,106.36","5,240.65","5,096.00","441.62M","3.28%"
"29/03/2015","5,074.14","5,052.25","5,110.79","5,007.68","451.17M","0.80%"
"22/03/2015","5,034.06","5,078.25","5,103.30","4,932.53","693.42M","-1.05%"
"15/03/2015","5,087.49","5,019.02","5,106.04","5,001.37","698.24M","1.54%"
"08/03/2015","5,010.46","4,940.64","5,010.80","4,869.45","620.89M","0.93%"
"01/03/2015","4,964.35","4,937.43","4,986.88","4,856.14","634.20M","0.26%"
"22/02/2015","4,951.48","4,872.13","4,951.48","4,832.36","568.68M","2.50%"
"15/02/2015","4,830.90","4,757.52","4,841.69","4,683.19","625.70M","1.50%"
"08/02/2015","4,759.36","4,652.16","4,779.54","4,611.15","692.69M","1.46%"
"01/02/2015","4,691.03","4,613.31","4,707.24","4,584.37","688.41M","1.88%"
"25/01/2015","4,604.25","4,620.00","4,679.26","4,571.05","679.54M","-0.79%"
"18/01/2015","4,640.69","4,388.67","4,673.30","4,367.24","861.15M","5.96%"
"11/01/2015","4,379.62","4,196.78","4,387.22","4,119.35","775.45M","4.80%"
"04/01/2015","4,179.07","4,221.99","4,276.92","4,076.16","683.45M","-1.72%"
"28/12/2014","4,252.29","4,301.66","4,317.93","4,224.34","219.78M","-1.01%"
"21/12/2014","4,295.85","4,255.88","4,316.39","4,239.36","182.93M","1.28%"
"14/12/2014","4,241.65","4,094.46","4,291.20","3,926.34","970.29M","3.23%"
"07/12/2014","4,108.93","4,400.17","4,407.95","4,103.49","614.43M","-7.03%"
"30/11/2014","4,419.48","4,354.19","4,427.74","4,310.69","554.73M","0.67%"
"23/11/2014","4,390.18","4,355.97","4,403.55","4,348.83","534.64M","0.99%"
"16/11/2014","4,347.23","4,169.61","4,356.11","4,166.40","588.77M","3.44%"
"09/11/2014","4,202.46","4,184.18","4,252.92","4,153.17","587.70M","0.30%"
"02/11/2014","4,189.89","4,225.81","4,275.30","4,118.50","700.39M","-1.02%"
"26/10/2014","4,233.09","4,170.84","4,246.93","4,051.86","828.04M","2.52%"
"19/10/2014","4,128.90","4,023.76","4,166.46","3,962.06","725.01M","2.37%"
"12/10/2014","4,033.18","4,033.74","4,104.00","3,789.11","1.05B","-0.99%"
"05/10/2014","4,073.71","4,317.92","4,319.31","4,065.50","795.15M","-4.86%"
"28/09/2014","4,281.74","4,389.83","4,435.07","4,242.67","635.66M","-2.57%"
"21/09/2014","4,394.75","4,446.91","4,464.31","4,340.63","510.84M","-1.49%"
"14/09/2014","4,461.22","4,425.63","4,492.39","4,391.08","529.95M","0.44%"
"07/09/2014","4,441.70","4,484.40","4,489.02","4,411.07","426.74M","-1.00%"
"31/08/2014","4,486.49","4,383.62","4,509.58","4,358.26","538.08M","2.41%"
"24/08/2014","4,381.04","4,299.50","4,401.52","4,286.61","470.09M","3.02%"
"17/08/2014","4,252.80","4,227.88","4,292.93","4,211.38","387.02M","1.88%"
"10/08/2014","4,174.36","4,182.75","4,256.34","4,150.90","486.54M","0.64%"
"03/08/2014","4,147.81","4,222.78","4,252.68","4,109.31","656.25M","-1.31%"
"27/07/2014","4,202.78","4,352.50","4,389.76","4,182.02","730.03M","-2.95%"
"20/07/2014","4,330.55","4,334.62","4,415.29","4,295.36","468.59M","-0.11%"
"13/07/2014","4,335.31","4,327.66","4,374.22","4,284.42","499.50M","0.44%"
"06/07/2014","4,316.50","4,453.76","4,463.06","4,277.58","524.34M","-3.41%"
"29/06/2014","4,468.98","4,443.03","4,490.72","4,407.18","514.63M","0.72%"
"22/06/2014","4,436.99","4,540.52","4,540.52","4,412.18","530.07M","-2.30%"
"15/06/2014","4,541.34","4,523.52","4,581.95","4,508.46","610.24M","-0.04%"
"08/06/2014","4,543.28","4,580.94","4,598.65","4,506.93","473.06M","-0.83%"
"01/06/2014","4,581.12","4,523.90","4,586.68","4,470.47","596.18M","1.36%"
"25/05/2014","4,519.57","4,504.26","4,536.83","4,495.79","432.69M","0.59%"
"18/05/2014","4,493.15","4,447.68","4,495.76","4,418.05","497.71M","0.83%"
"11/05/2014","4,456.28","4,467.38","4,512.62","4,418.59","632.72M","-0.47%"
"04/05/2014","4,477.28","4,453.52","4,507.24","4,400.91","626.49M","0.43%"
"27/04/2014","4,458.17","4,455.05","4,504.14","4,444.46","464.58M","0.33%"
"20/04/2014","4,443.63","4,451.91","4,499.32","4,431.38","459.95M","0.27%"
"13/04/2014","4,431.81","4,345.62","4,432.64","4,319.28","497.70M","1.51%"
"06/04/2014","4,365.86","4,453.19","4,466.19","4,333.87","616.07M","-2.65%"
"30/03/2014","4,484.55","4,426.83","4,496.54","4,390.77","516.82M","1.66%"
"23/03/2014","4,411.26","4,321.99","4,411.38","4,266.98","581.31M","1.75%"
"16/03/2014","4,335.28","4,216.91","4,353.39","4,211.62","660.02M","2.82%"
"09/03/2014","4,216.37","4,365.49","4,417.80","4,183.00","652.72M","-3.44%"
"02/03/2014","4,366.42","4,338.79","4,432.50","4,288.44","694.40M","-0.95%"
"23/02/2014","4,408.08","4,374.46","4,420.94","4,354.95","583.51M","0.62%"
"16/02/2014","4,381.06","4,345.58","4,383.15","4,290.47","480.96M","0.94%"
"09/02/2014","4,340.14","4,247.58","4,340.38","4,229.07","567.89M","2.65%"
"02/02/2014","4,228.18","4,160.28","4,228.90","4,080.60","753.23M","1.50%"
"26/01/2014","4,165.72","4,166.28","4,245.96","4,098.71","674.42M","0.10%"
"19/01/2014","4,161.47","4,320.81","4,351.21","4,154.95","587.85M","-3.84%"
"12/01/2014","4,327.50","4,261.70","4,341.86","4,213.57","568.93M","1.81%"
"05/01/2014","4,250.60","4,242.27","4,278.11","4,215.59","537.93M","0.07%"
"29/12/2013","4,247.65","4,283.42","4,312.59","4,226.66","230.92M","-0.70%"
"22/12/2013","4,277.65","4,199.92","4,279.28","4,187.95","167.06M","2.00%"
"15/12/2013","4,193.77","4,051.93","4,200.31","4,051.25","578.78M","3.30%"
"08/12/2013","4,059.71","4,143.30","4,144.80","4,053.41","406.59M","-1.69%"
"01/12/2013","4,129.37","4,294.65","4,309.31","4,082.14","489.40M","-3.86%"
"24/11/2013","4,295.21","4,298.01","4,311.81","4,276.79","355.82M","0.39%"
"17/11/2013","4,278.53","4,289.22","4,336.61","4,222.31","382.77M","-0.32%"
"10/11/2013","4,292.23","4,262.80","4,299.67","4,213.21","402.43M","0.75%"
"03/11/2013","4,260.44","4,284.83","4,356.28","4,211.82","509.08M","-0.30%"
"27/10/2013","4,273.19","4,287.89","4,309.92","4,236.03","386.30M","0.02%"
"20/10/2013","4,272.31","4,285.71","4,309.15","4,242.22","453.43M","-0.32%"
"13/10/2013","4,286.03","4,206.10","4,286.03","4,192.59","452.09M","1.57%"
"06/10/2013","4,219.98","4,145.11","4,227.54","4,105.67","448.01M","1.34%"
"29/09/2013","4,164.25","4,141.55","4,196.60","4,120.24","401.94M","-0.54%"
"22/09/2013","4,186.77","4,207.18","4,216.92","4,162.84","412.39M","-0.40%"
"15/09/2013","4,203.66","4,154.19","4,227.21","4,131.22","571.18M","2.17%"
"08/09/2013","4,114.50","4,046.26","4,122.53","4,022.81","480.63M","1.61%"
"01/09/2013","4,049.19","3,974.79","4,049.19","3,927.63","460.54M","2.93%"
"25/08/2013","3,933.78","4,072.78","4,072.12","3,933.78","430.70M","-3.33%"
"18/08/2013","4,069.47","4,122.38","4,122.14","4,005.47","369.66M","-1.32%"
"11/08/2013","4,123.89","4,080.97","4,123.89","4,048.62","366.56M","1.16%"
"04/08/2013","4,076.55","4,049.16","4,087.73","4,010.63","430.49M","0.76%"
"28/07/2013","4,045.65","3,987.04","4,059.62","3,962.43","491.83M","1.94%"
"21/07/2013","3,968.84","3,929.19","4,002.35","3,915.81","458.46M","1.11%"
"14/07/2013","3,925.32","3,867.08","3,927.79","3,821.55","378.33M","1.82%"
"07/07/2013","3,855.09","3,782.12","3,888.19","3,781.51","404.84M","2.70%"
"30/06/2013","3,753.85","3,761.57","3,837.39","3,668.77","480.25M","0.40%"
"23/06/2013","3,738.91","3,652.52","3,780.56","3,575.17","564.19M","2.21%"
"16/06/2013","3,658.04","3,815.44","3,882.88","3,658.04","563.29M","-3.87%"
"09/06/2013","3,805.16","3,864.08","3,884.64","3,731.84","439.50M","-1.74%"
"02/06/2013","3,872.59","3,929.68","3,979.53","3,800.85","462.38M","-1.92%"
"26/05/2013","3,948.59","3,979.15","4,072.24","3,938.19","448.36M","-0.21%"
"19/05/2013","3,956.79","4,005.79","4,058.73","3,940.29","452.10M","-1.11%"
"12/05/2013","4,001.27","3,948.33","4,018.84","3,922.20","501.12M","1.20%"
"05/05/2013","3,953.83","3,909.49","3,971.92","3,897.73","396.83M","1.04%"
"28/04/2013","3,912.95","3,827.93","3,914.51","3,819.04","415.03M","2.70%"
"21/04/2013","3,810.05","3,673.48","3,854.41","3,631.58","572.29M","4.33%"
"14/04/2013","3,651.96","3,728.69","3,747.67","3,584.38","621.37M","-2.07%"
"07/04/2013","3,729.30","3,677.21","3,788.86","3,655.92","503.93M","1.80%"
"31/03/2013","3,663.48","3,729.82","3,810.18","3,638.83","494.99M","-1.82%"
"24/03/2013","3,731.42","3,823.88","3,837.02","3,669.17","490.62M","-1.03%"
"17/03/2013","3,770.29","3,768.07","3,834.88","3,750.05","555.05M","-1.92%"
"10/03/2013","3,844.03","3,830.69","3,871.58","3,817.56","560.47M","0.10%"
"03/03/2013","3,840.15","3,680.58","3,849.87","3,673.03","500.74M","3.79%"
"24/02/2013","3,699.91","3,721.10","3,787.53","3,600.81","652.08M","-0.17%"
"17/02/2013","3,706.28","3,655.53","3,743.65","3,623.17","536.01M","1.25%"
"10/02/2013","3,660.37","3,660.28","3,710.09","3,634.82","463.13M","0.30%"
"03/02/2013","3,649.50","3,778.36","3,778.36","3,601.05","547.66M","-3.29%"
"27/01/2013","3,773.53","3,784.58","3,793.26","3,725.68","494.21M","-0.12%"
"20/01/2013","3,778.16","3,747.58","3,782.60","3,711.55","431.68M","0.98%"
"13/01/2013","3,741.58","3,721.63","3,760.95","3,680.61","485.89M","0.96%"
"06/01/2013","3,706.02","3,731.49","3,732.65","3,683.82","527.98M","-0.64%"
"30/12/2012","3,730.02","3,600.16","3,733.93","3,599.22","237.24M","3.03%"
"23/12/2012","3,620.25","3,662.95","3,684.16","3,618.67","126.34M","-1.12%"
"16/12/2012","3,661.40","3,633.17","3,674.57","3,611.12","912.23M","0.50%"
"09/12/2012","3,643.28","3,587.32","3,659.10","3,575.53","613.02M","1.04%"
"02/12/2012","3,605.61","3,567.90","3,622.36","3,563.02","676.87M","1.36%"
"25/11/2012","3,557.28","3,513.94","3,584.73","3,479.16","736.62M","0.81%"
"18/11/2012","3,528.80","3,375.42","3,528.80","3,369.53","652.80M","5.60%"
"11/11/2012","3,341.52","3,424.55","3,436.26","3,341.52","684.45M","-2.40%"
"04/11/2012","3,423.57","3,469.90","3,515.87","3,374.08","781.55M","-1.97%"
"28/10/2012","3,492.46","3,419.38","3,502.64","3,394.89","575.74M","1.67%"
"21/10/2012","3,435.09","3,498.38","3,519.05","3,382.36","693.06M","-1.98%"
"14/10/2012","3,504.56","3,387.76","3,542.58","3,387.76","923.03M","3.41%"
"07/10/2012","3,389.08","3,429.32","3,429.86","3,351.44","764.34M","-1.97%"
"30/09/2012","3,457.04","3,348.07","3,461.84","3,348.62","672.07M","3.05%"
"23/09/2012","3,354.82","3,501.34","3,520.29","3,354.82","663.94M","-4.98%"
"16/09/2012","3,530.72","3,558.57","3,573.98","3,486.36","837.60M","-1.42%"
"09/09/2012","3,581.58","3,513.66","3,588.02","3,477.37","882.11M","1.78%"
"02/09/2012","3,519.05","3,401.96","3,561.91","3,372.80","763.15M","3.11%"
"26/08/2012","3,413.07","3,422.55","3,462.83","3,371.74","545.27M","-0.59%"
"19/08/2012","3,433.21","3,484.47","3,523.85","3,396.81","542.35M","-1.58%"
"12/08/2012","3,488.38","3,429.53","3,501.91","3,410.94","494.89M","1.54%"
"05/08/2012","3,435.62","3,365.37","3,464.29","3,358.20","682.76M","1.82%"
"29/07/2012","3,374.19","3,299.31","3,374.84","3,232.46","920.21M","2.87%"
"22/07/2012","3,280.19","3,159.68","3,280.19","3,065.47","1.00B","2.70%"
"15/07/2012","3,193.89","3,176.27","3,267.75","3,155.63","957.80M","0.41%"
"08/07/2012","3,180.81","3,167.28","3,204.62","3,118.48","695.95M","0.38%"
"01/07/2012","3,168.79","3,197.04","3,288.51","3,168.79","799.61M","-0.87%"
"24/06/2012","3,196.65","3,072.61","3,196.65","3,003.84","821.89M","3.42%"
"17/06/2012","3,090.90","3,120.82","3,153.28","3,052.65","834.35M","0.11%"
"10/06/2012","3,087.62","3,110.96","3,122.41","2,993.71","1.03B","1.18%"
"03/06/2012","3,051.69","2,928.91","3,104.74","2,927.01","914.80M","3.43%"
"27/05/2012","2,950.47","3,068.34","3,099.84","2,922.26","698.67M","-3.20%"
"20/05/2012","3,047.94","2,997.19","3,093.92","2,984.72","861.85M","1.33%"
"13/05/2012","3,008.00","3,093.36","3,098.80","2,970.10","936.97M","-3.89%"
"06/05/2012","3,129.77","3,112.47","3,219.41","3,073.38","906.25M","-1.02%"
"29/04/2012","3,161.97","3,270.78","3,273.72","3,153.92","714.77M","-3.19%"
"22/04/2012","3,266.27","3,157.85","3,282.65","3,088.36","1.03B","2.44%"
"15/04/2012","3,188.58","3,183.19","3,292.51","3,155.36","992.68M","-0.02%"
"08/04/2012","3,189.09","3,274.85","3,292.28","3,180.19","789.27M","-3.94%"
"01/04/2012","3,319.81","3,439.17","3,473.20","3,279.31","704.42M","-3.04%"
"25/03/2012","3,423.81","3,495.76","3,535.60","3,374.69","722.44M","-1.51%"
"18/03/2012","3,476.18","3,581.48","3,581.48","3,432.56","648.50M","-3.30%"
"11/03/2012","3,594.83","3,473.37","3,600.48","3,467.61","848.61M","3.08%"
"04/03/2012","3,487.48","3,485.51","3,507.52","3,362.56","778.58M","-0.39%"
"26/02/2012","3,501.17","3,452.01","3,514.15","3,412.17","774.42M","0.98%"
"19/02/2012","3,467.03","3,463.56","3,478.03","3,425.02","749.94M","0.80%"
"12/02/2012","3,439.62","3,406.86","3,450.76","3,352.63","823.92M","1.97%"
"05/02/2012","3,373.14","3,412.32","3,449.24","3,365.48","832.02M","-1.60%"
"29/01/2012","3,427.92","3,295.98","3,427.92","3,264.02","745.59M","3.29%"
"22/01/2012","3,318.76","3,325.42","3,368.66","3,285.63","786.59M","-0.08%"
"15/01/2012","3,321.50","3,174.33","3,336.62","3,163.68","813.55M","3.91%"
"08/01/2012","3,196.49","3,143.95","3,253.29","3,114.45","710.95M","1.88%"
"01/01/2012","3,137.36","3,158.24","3,246.74","3,122.63","540.50M","-0.71%"
"25/12/2011","3,159.81","3,111.14","3,159.81","3,064.69","229.75M","1.86%"
"18/12/2011","3,102.09","2,942.34","3,121.39","2,941.40","550.06M","4.37%"
"11/12/2011","2,972.30","3,150.84","3,163.70","2,969.40","773.94M","-6.31%"
"04/12/2011","3,172.35","3,206.67","3,244.89","3,064.63","771.99M","0.23%"
"27/11/2011","3,164.95","2,897.48","3,201.06","2,890.76","848.80M","10.78%"
"20/11/2011","2,856.97","2,981.79","2,981.79","2,793.22","783.98M","-4.67%"
"13/11/2011","2,997.01","3,169.43","3,174.32","2,979.60","669.84M","-4.84%"
"06/11/2011","3,149.38","3,087.98","3,193.62","3,008.73","919.26M","0.83%"
"30/10/2011","3,123.55","3,302.78","3,310.30","3,029.44","1.07B","-6.72%"
"23/10/2011","3,348.63","3,190.71","3,411.22","3,146.11","883.05M","5.59%"
"16/10/2011","3,171.34","3,241.97","3,266.57","3,082.12","843.49M","-1.45%"
"09/10/2011","3,217.89","3,121.41","3,251.62","3,094.17","845.45M","3.95%"
"02/10/2011","3,095.56","2,913.07","3,126.00","2,808.22","951.87M","3.81%"
"25/09/2011","2,981.96","2,754.82","3,060.43","2,753.27","914.74M","6.12%"
"18/09/2011","2,810.11","2,960.93","2,991.21","2,693.21","990.13M","-7.29%"
"11/09/2011","3,031.08","2,880.46","3,086.64","2,769.97","1.34B","1.90%"
"04/09/2011","2,974.59","3,072.51","3,116.21","2,942.78","954.13M","-5.52%"
"28/08/2011","3,148.53","3,141.19","3,295.54","3,117.94","730.88M","1.97%"
"21/08/2011","3,087.64","2,989.60","3,189.42","2,989.60","735.54M","2.34%"
"14/08/2011","3,016.99","3,248.14","3,288.82","2,947.91","872.26M","-6.13%"
"07/08/2011","3,213.88","3,254.36","3,333.61","2,891.11","1.80B","-1.97%"
"31/07/2011","3,278.56","3,718.11","3,722.59","3,218.39","1.31B","-10.70%"
"24/07/2011","3,671.28","3,813.50","3,845.06","3,661.32","882.72M","-4.46%"
"17/07/2011","3,842.70","3,697.54","3,866.34","3,645.79","830.12M","3.12%"
"10/07/2011","3,726.59","3,878.60","3,890.07","3,706.82","896.94M","-4.78%"
"03/07/2011","3,913.55","4,010.37","4,020.33","3,912.77","817.81M","-2.34%"
"26/06/2011","4,007.35","3,775.75","4,023.59","3,769.61","659.97M","5.88%"
"19/06/2011","3,784.80","3,758.98","3,885.23","3,755.29","659.50M","-1.02%"
"12/06/2011","3,823.74","3,807.46","3,877.81","3,742.31","748.22M","0.49%"
"05/06/2011","3,805.09","3,875.63","3,889.97","3,798.88","602.76M","-2.20%"
"29/05/2011","3,890.68","3,947.16","4,015.85","3,845.39","583.89M","-1.53%"
"22/05/2011","3,950.98","3,934.36","3,979.07","3,884.55","633.01M","-1.00%"
"15/05/2011","3,990.85","3,975.38","4,050.57","3,941.58","677.15M","-0.70%"
"08/05/2011","4,018.85","4,037.91","4,076.66","3,986.93","686.17M","-0.97%"
"01/05/2011","4,058.01","4,137.75","4,137.97","3,981.19","728.32M","-1.19%"
"24/04/2011","4,106.92","4,014.29","4,110.41","4,009.82","474.78M","2.11%"
"17/04/2011","4,021.88","3,970.62","4,034.50","3,862.40","562.67M","1.19%"
"10/04/2011","3,974.48","4,056.94","4,057.53","3,949.01","628.52M","-2.15%"
"03/04/2011","4,061.91","4,051.44","4,070.89","4,013.67","577.38M","0.18%"
"27/03/2011","4,054.76","3,966.77","4,055.88","3,949.20","637.74M","2.07%"
"20/03/2011","3,972.38","3,870.72","3,986.56","3,855.25","439.15M","4.26%"
"13/03/2011","3,810.22","3,914.03","3,939.50","3,693.94","801.60M","-3.02%"
"06/03/2011","3,928.68","4,007.34","4,049.98","3,915.21","506.37M","-2.28%"
"27/02/2011","4,020.21","4,064.55","4,145.73","4,009.89","675.26M","-1.23%"
"20/02/2011","4,070.38","4,153.10","4,163.99","3,984.36","782.21M","-2.09%"
"13/02/2011","4,157.14","4,128.70","4,169.87","4,085.50","851.21M","1.36%"
"06/02/2011","4,101.31","4,055.50","4,121.38","4,039.24","934.21M","1.34%"
"30/01/2011","4,047.21","3,997.14","4,089.64","3,953.18","689.26M","1.12%"
"23/01/2011","4,002.32","4,028.33","4,079.30","4,002.32","736.84M","-0.38%"
"16/01/2011","4,017.45","3,984.09","4,057.97","3,950.30","731.25M","0.86%"
"09/01/2011","3,983.28","3,850.27","3,992.10","3,790.96","758.35M","3.04%"
"02/01/2011","3,865.58","3,847.63","3,945.72","3,836.71","535.20M","1.60%"
"26/12/2010","3,804.78","3,893.11","3,904.04","3,804.78","197.30M","-2.45%"
"19/12/2010","3,900.39","3,873.24","3,936.06","3,869.20","351.33M","0.85%"
"12/12/2010","3,867.35","3,872.83","3,906.09","3,861.10","576.03M","0.26%"
"05/12/2010","3,857.35","3,758.58","3,873.64","3,723.16","630.94M","2.85%"
"28/11/2010","3,750.55","3,748.10","3,775.75","3,591.78","892.91M","0.59%"
"21/11/2010","3,728.65","3,892.65","3,896.07","3,687.43","691.76M","-3.41%"
"14/11/2010","3,860.16","3,810.24","3,875.63","3,753.06","651.08M","0.76%"
"07/11/2010","3,831.12","3,915.34","3,961.70","3,769.59","770.26M","-2.19%"
"31/10/2010","3,916.73","3,865.04","3,937.64","3,812.37","702.67M","2.17%"
"24/10/2010","3,833.50","3,894.91","3,894.91","3,807.80","555.93M","-0.91%"
"17/10/2010","3,868.54","3,803.46","3,889.74","3,786.36","580.20M","1.08%"
"10/10/2010","3,827.37","3,770.03","3,845.36","3,700.26","651.91M","1.71%"
"03/10/2010","3,763.18","3,689.18","3,799.71","3,638.34","641.72M","1.93%"
"26/09/2010","3,692.09","3,796.53","3,800.87","3,672.90","707.36M","-2.39%"
"19/09/2010","3,782.48","3,738.00","3,824.98","3,666.23","754.52M","1.62%"
"12/09/2010","3,722.02","3,765.24","3,795.48","3,705.29","752.81M","-0.10%"
"05/09/2010","3,725.82","3,695.47","3,731.86","3,613.29","540.92M","1.46%"
"29/08/2010","3,672.20","3,518.69","3,706.48","3,430.91","625.45M","4.70%"
"22/08/2010","3,507.44","3,536.95","3,583.45","3,414.84","595.63M","-0.53%"
"15/08/2010","3,526.12","3,622.60","3,680.03","3,517.49","514.01M","-2.35%"
"08/08/2010","3,610.91","3,764.25","3,781.63","3,577.54","580.02M","-2.83%"
"01/08/2010","3,716.05","3,675.88","3,802.94","3,671.93","617.60M","2.00%"
"25/07/2010","3,643.14","3,634.76","3,720.63","3,589.93","829.65M","1.00%"
"18/07/2010","3,607.05","3,476.07","3,628.20","3,419.77","638.18M","3.05%"
"11/07/2010","3,500.16","3,562.70","3,656.76","3,487.21","589.65M","-1.53%"
"04/07/2010","3,554.48","3,362.72","3,570.89","3,331.59","623.74M","6.16%"
"27/06/2010","3,348.37","3,537.67","3,577.59","3,321.35","806.08M","-4.87%"
"20/06/2010","3,519.73","3,750.70","3,759.54","3,504.31","697.22M","-4.54%"
"13/06/2010","3,687.21","3,583.47","3,716.19","3,581.97","819.40M","3.70%"
"06/06/2010","3,555.52","3,397.17","3,570.39","3,343.59","870.78M","2.89%"
"30/05/2010","3,455.61","3,506.30","3,598.38","3,414.50","782.18M","-1.69%"
"23/05/2010","3,515.06","3,460.49","3,553.17","3,287.57","940.72M","2.46%"
"16/05/2010","3,430.74","3,526.87","3,640.06","3,341.76","1.12B","-3.64%"
"09/05/2010","3,560.36","3,605.84","3,774.10","3,461.96","1.21B","4.95%"
"02/05/2010","3,392.59","3,796.79","3,847.21","3,349.96","1.39B","-11.12%"
"25/04/2010","3,816.99","3,995.26","4,017.53","3,749.53","937.96M","-3.40%"
"18/04/2010","3,951.30","3,964.53","4,037.39","3,907.19","725.40M","-0.89%"
"11/04/2010","3,986.63","4,078.38","4,086.00","3,976.42","682.10M","-1.58%"
"04/04/2010","4,050.54","4,048.90","4,065.07","3,952.14","458.09M","0.40%"
"28/03/2010","4,034.23","4,002.13","4,041.58","3,943.03","468.28M","1.14%"
"21/03/2010","3,988.93","3,908.55","4,008.70","3,868.02","605.59M","1.62%"
"14/03/2010","3,925.44","3,921.00","3,967.51","3,889.13","638.11M","-0.05%"
"07/03/2010","3,927.40","3,924.22","3,956.42","3,876.09","587.64M","0.43%"
"28/02/2010","3,910.42","3,739.56","3,910.42","3,724.84","691.48M","5.44%"
"21/02/2010","3,708.80","3,780.68","3,791.56","3,633.81","749.01M","-1.61%"
"14/02/2010","3,769.54","3,621.41","3,772.67","3,599.63","676.63M","4.74%"
"07/02/2010","3,599.07","3,595.38","3,675.64","3,545.91","953.19M","0.99%"
"31/01/2010","3,563.76","3,713.17","3,831.38","3,563.76","818.13M","-4.70%"
"24/01/2010","3,739.46","3,793.63","3,833.44","3,688.79","727.19M","-2.13%"
"17/01/2010","3,820.78","3,971.17","4,019.88","3,786.29","628.89M","-3.38%"
"10/01/2010","3,954.38","4,071.40","4,088.18","3,949.90","623.82M","-2.24%"
"03/01/2010","4,045.14","3,952.21","4,051.41","3,950.61","603.22M","2.76%"
"27/12/2009","3,936.33","3,939.66","3,976.92","3,928.20","188.65M","0.60%"
"20/12/2009","3,912.73","3,807.84","3,930.76","3,802.13","288.19M","3.12%"
"13/12/2009","3,794.44","3,839.75","3,878.20","3,793.65","635.39M","-0.24%"
"06/12/2009","3,803.72","3,836.05","3,854.08","3,734.71","584.55M","-1.12%"
"29/11/2009","3,846.62","3,732.63","3,876.23","3,669.27","621.78M","3.36%"
"22/11/2009","3,721.45","3,766.38","3,828.69","3,610.81","718.34M","-0.21%"
"15/11/2009","3,729.36","3,837.24","3,868.16","3,714.42","655.17M","-2.01%"
"08/11/2009","3,806.01","3,737.43","3,843.88","3,737.37","632.40M","2.66%"
"01/11/2009","3,707.29","3,603.64","3,728.76","3,549.65","734.37M","2.76%"
"25/10/2009","3,607.69","3,823.82","3,838.45","3,600.46","917.39M","-5.27%"
"18/10/2009","3,808.24","3,842.54","3,913.81","3,792.48","681.85M","-0.51%"
"11/10/2009","3,827.60","3,813.38","3,907.49","3,790.66","752.48M","0.74%"
"04/10/2009","3,799.61","3,651.98","3,822.96","3,629.41","707.30M","4.10%"
"27/09/2009","3,649.90","3,727.77","3,845.01","3,627.40","739.93M","-2.39%"
"20/09/2009","3,739.14","3,827.45","3,856.67","3,731.99","674.17M","-2.32%"
"13/09/2009","3,827.84","3,694.69","3,853.97","3,674.22","871.51M","2.49%"
"06/09/2009","3,734.89","3,625.53","3,751.44","3,621.60","733.22M","3.78%"
"30/08/2009","3,598.76","3,668.37","3,686.08","3,535.49","760.78M","-2.56%"
"23/08/2009","3,693.14","3,631.42","3,724.34","3,614.61","704.22M","2.14%"
"16/08/2009","3,615.81","3,472.39","3,623.35","3,396.60","539.00M","3.45%"
"09/08/2009","3,495.27","3,504.99","3,558.47","3,435.87","557.89M","-0.73%"
"02/08/2009","3,521.14","3,427.45","3,539.31","3,417.82","728.02M","2.77%"
"26/07/2009","3,426.27","3,405.16","3,455.51","3,322.21","698.25M","1.78%"
"19/07/2009","3,366.45","3,252.15","3,408.28","3,233.94","589.46M","4.60%"
"12/07/2009","3,218.46","2,974.33","3,235.82","2,957.83","599.76M","7.89%"
"05/07/2009","2,983.10","3,089.20","3,112.95","2,976.81","585.31M","-4.37%"
"28/06/2009","3,119.51","3,122.54","3,233.60","3,092.18","592.06M","-0.33%"
"21/06/2009","3,129.73","3,221.16","3,224.42","3,097.39","662.98M","-2.84%"
"14/06/2009","3,221.27","3,308.57","3,308.57","3,136.91","745.22M","-3.15%"
"07/06/2009","3,326.14","3,327.56","3,370.87","3,275.70","596.81M","-0.39%"
"31/05/2009","3,339.05","3,339.38","3,399.59","3,288.99","676.07M","1.87%"
"24/05/2009","3,277.65","3,235.22","3,317.58","3,168.22","610.92M","1.54%"
"17/05/2009","3,227.97","3,135.12","3,320.33","3,115.27","656.96M","1.86%"
"10/05/2009","3,169.05","3,312.65","3,312.65","3,118.06","822.00M","-4.33%"
"03/05/2009","3,312.59","3,180.26","3,355.95","3,168.25","948.09M","4.83%"
"26/04/2009","3,159.85","3,043.30","3,194.25","3,016.06","672.40M","1.84%"
"19/04/2009","3,102.85","3,081.15","3,102.85","2,898.52","844.79M","0.35%"
"12/04/2009","3,091.96","2,994.45","3,102.04","2,956.45","663.89M","3.96%"
"05/04/2009","2,974.18","2,993.08","3,018.36","2,847.96","645.41M","0.52%"
"29/03/2009","2,958.74","2,788.37","3,019.02","2,719.34","876.75M","4.16%"
"22/03/2009","2,840.62","2,845.77","2,918.23","2,801.94","810.45M","1.77%"
"15/03/2009","2,791.14","2,761.54","2,833.21","2,720.44","902.02M","3.16%"
"08/03/2009","2,705.63","2,552.99","2,771.72","2,465.46","1.05B","6.75%"
"01/03/2009","2,534.45","2,632.92","2,675.68","2,521.46","971.95M","-6.22%"
"22/02/2009","2,702.48","2,805.67","2,810.91","2,644.19","881.60M","-1.75%"
"15/02/2009","2,750.55","2,977.17","2,994.41","2,750.55","759.13M","-8.25%"
"08/02/2009","2,997.86","3,110.60","3,146.13","2,932.41","702.15M","-4.00%"
"01/02/2009","3,122.79","2,929.19","3,146.69","2,867.68","772.02M","5.01%"
"25/01/2009","2,973.92","2,838.74","3,085.69","2,834.54","846.74M","4.38%"
"18/01/2009","2,849.14","3,069.92","3,083.39","2,770.09","833.97M","-5.56%"
"11/01/2009","3,016.75","3,287.58","3,305.46","2,962.56","754.71M","-8.57%"
"04/01/2009","3,299.50","3,381.28","3,426.04","3,269.80","624.40M","-1.50%"
"28/12/2008","3,349.69","3,139.24","3,349.69","3,105.07","239.63M","7.49%"
"21/12/2008","3,116.21","3,201.66","3,209.35","3,094.69","241.71M","-3.40%"
"14/12/2008","3,225.90","3,258.25","3,305.02","3,146.82","798.42M","0.38%"
"07/12/2008","3,213.60","3,190.50","3,342.84","3,114.77","848.48M","7.55%"
"30/11/2008","2,988.01","3,261.33","3,272.09","2,956.75","776.63M","-8.42%"
"23/11/2008","3,262.68","2,959.52","3,274.71","2,931.49","854.34M","13.24%"
"16/11/2008","2,881.26","3,283.57","3,309.62","2,838.50","978.52M","-12.46%"
"09/11/2008","3,291.47","3,558.65","3,612.28","3,183.65","766.47M","-5.12%"
"02/11/2008","3,469.12","3,513.12","3,691.09","3,351.22","921.64M","-0.51%"
"26/10/2008","3,487.07","3,035.37","3,489.35","2,976.40","1.26B","9.18%"
"19/10/2008","3,193.79","3,413.83","3,545.53","2,959.29","1.14B","-4.09%"
"12/10/2008","3,329.92","3,379.53","3,766.88","3,115.89","1.53B","4.83%"
"05/10/2008","3,176.49","3,887.14","3,911.49","3,047.85","1.65B","-22.16%"
"28/09/2008","4,080.75","4,160.84","4,160.84","3,844.63","1.05B","-1.98%"
"21/09/2008","4,163.38","4,331.17","4,356.67","4,097.35","885.69M","-3.73%"
"14/09/2008","4,324.87","4,184.52","4,324.87","3,926.82","1.74B","-0.18%"
"07/09/2008","4,332.66","4,355.52","4,408.82","4,192.92","895.20M","3.24%"
"31/08/2008","4,196.66","4,455.59","4,558.56","4,181.61","831.70M","-6.38%"
"24/08/2008","4,482.60","4,383.24","4,508.67","4,296.24","625.43M","1.87%"
"17/08/2008","4,400.45","4,435.91","4,501.38","4,294.94","571.32M","-1.19%"
"10/08/2008","4,453.62","4,500.30","4,552.26","4,383.48","645.13M","-0.85%"
"03/08/2008","4,491.85","4,306.85","4,514.17","4,267.29","821.57M","4.11%"
"27/07/2008","4,314.34","4,367.50","4,448.05","4,256.36","776.07M","-1.44%"
"20/07/2008","4,377.18","4,310.16","4,440.89","4,259.29","1.01B","1.81%"
"13/07/2008","4,299.36","4,148.10","4,299.36","4,002.87","1.06B","4.85%"
"06/07/2008","4,100.64","4,305.29","4,350.94","4,100.64","910.95M","-3.88%"
"29/06/2008","4,266.00","4,404.49","4,439.78","4,224.13","947.35M","-2.99%"
"22/06/2008","4,397.32","4,497.30","4,538.54","4,348.31","896.10M","-2.48%"
"15/06/2008","4,509.27","4,686.68","4,723.25","4,475.13","927.91M","-3.70%"
"08/06/2008","4,682.30","4,779.43","4,821.27","4,614.54","878.07M","-2.36%"
"01/06/2008","4,795.32","5,008.94","5,012.01","4,793.72","808.73M","-4.37%"
"25/05/2008","5,014.28","4,910.53","5,028.80","4,893.86","668.67M","1.63%"
"18/05/2008","4,933.77","5,090.53","5,142.10","4,933.77","698.43M","-2.84%"
"11/05/2008","5,078.04","4,975.09","5,120.91","4,951.37","650.88M","2.37%"
"04/05/2008","4,960.56","5,062.70","5,100.10","4,925.05","564.51M","-2.15%"
"27/04/2008","5,069.71","4,989.92","5,099.39","4,935.10","542.47M","1.84%"
"20/04/2008","4,978.21","4,954.49","5,013.44","4,849.88","718.41M","0.33%"
"13/04/2008","4,961.69","4,755.07","4,976.37","4,741.06","778.90M","3.41%"
"06/04/2008","4,797.93","4,936.25","4,959.97","4,775.16","683.05M","-2.10%"
"30/03/2008","4,900.88","4,648.54","4,926.37","4,622.26","797.30M","4.36%"
"23/03/2008","4,695.92","4,692.17","4,750.63","4,647.54","626.71M","3.58%"
"16/03/2008","4,533.72","4,449.39","4,652.67","4,416.71","1.01B","-1.27%"
"09/03/2008","4,592.15","4,601.71","4,741.89","4,534.58","956.02M","-0.58%"
"02/03/2008","4,618.96","4,723.22","4,782.86","4,576.59","812.40M","-3.58%"
"24/02/2008","4,790.66","4,877.89","4,992.77","4,768.53","877.00M","-0.70%"
"17/02/2008","4,824.55","4,810.29","4,940.36","4,779.14","746.01M","1.11%"
"10/02/2008","4,771.79","4,653.15","4,926.33","4,644.74","872.90M","1.32%"
"03/02/2008","4,709.65","5,027.26","5,027.26","4,679.80","988.89M","-5.39%"
"27/01/2008","4,978.06","4,791.50","5,009.16","4,755.98","953.77M","2.05%"
"20/01/2008","4,878.12","5,006.48","5,012.53","4,505.14","1.74B","-4.21%"
"13/01/2008","5,092.40","5,345.83","5,421.22","5,081.23","1.03B","-5.19%"
"06/01/2008","5,371.41","5,432.00","5,533.93","5,349.25","899.06M","-1.38%"
"30/12/2007","5,446.79","5,621.12","5,665.94","5,417.53","402.69M","-3.21%"
"23/12/2007","5,627.25","5,619.86","5,656.14","5,593.92","170.75M","0.44%"
"16/12/2007","5,602.77","5,532.67","5,622.61","5,465.98","816.96M","-0.05%"
"09/12/2007","5,605.36","5,683.60","5,795.22","5,560.59","689.14M","-1.98%"
"02/12/2007","5,718.75","5,654.10","5,744.76","5,538.32","700.88M","0.85%"
"25/11/2007","5,670.57","5,558.06","5,685.53","5,383.67","787.87M","2.71%"
"18/11/2007","5,521.17","5,519.97","5,564.65","5,358.76","855.30M","-0.04%"
"11/11/2007","5,523.63","5,488.98","5,638.82","5,483.71","779.06M","-0.01%"
"04/11/2007","5,524.18","5,676.76","5,759.53","5,493.60","830.33M","-3.43%"
"28/10/2007","5,720.42","5,845.85","5,855.35","5,668.67","692.14M","-1.28%"
"21/10/2007","5,794.87","5,635.70","5,805.03","5,630.80","735.34M","0.95%"
"14/10/2007","5,740.48","5,842.88","5,867.95","5,728.36","709.16M","-1.77%"
"07/10/2007","5,843.95","5,852.32","5,882.07","5,779.04","641.63M","0.01%"
"30/09/2007","5,843.24","5,670.79","5,854.81","5,660.76","698.38M","2.23%"
"23/09/2007","5,715.69","5,686.47","5,752.89","5,608.69","739.62M","0.26%"
"16/09/2007","5,700.65","5,523.88","5,744.74","5,417.01","940.49M","2.92%"
"09/09/2007","5,538.92","5,432.08","5,574.62","5,378.04","809.66M","2.00%"
"02/09/2007","5,430.10","5,683.10","5,683.10","5,417.26","681.03M","-4.11%"
"26/08/2007","5,662.70","5,598.73","5,686.47","5,425.90","621.49M","1.68%"
"19/08/2007","5,569.38","5,428.67","5,596.16","5,345.08","608.28M","3.84%"
"12/08/2007","5,363.63","5,512.93","5,576.89","5,217.70","1.01B","-1.56%"
"05/08/2007","5,448.63","5,532.59","5,766.56","5,434.93","1.03B","-2.67%"
"29/07/2007","5,597.89","5,649.05","5,754.00","5,561.87","954.66M","-0.82%"
"22/07/2007","5,643.96","5,936.28","6,009.16","5,608.28","834.11M","-5.26%"
"15/07/2007","5,957.16","6,131.74","6,132.29","5,952.22","574.37M","-2.63%"
"08/07/2007","6,117.96","6,118.63","6,156.16","5,936.90","685.43M","0.25%"
"01/07/2007","6,102.69","6,021.10","6,115.09","6,011.38","522.84M","0.79%"
"24/06/2007","6,054.93","5,971.96","6,054.93","5,897.80","688.94M","0.53%"
"17/06/2007","6,023.25","6,117.52","6,132.14","5,995.37","687.74M","-1.34%"
"10/06/2007","6,105.28","5,939.34","6,122.31","5,851.48","848.18M","3.77%"
"03/06/2007","5,883.29","6,157.33","6,163.90","5,837.14","768.40M","-4.62%"
"27/05/2007","6,168.15","6,065.25","6,168.15","5,986.26","504.61M","1.83%"
"20/05/2007","6,057.49","6,091.59","6,121.87","6,011.49","636.14M","-0.72%"
"13/05/2007","6,101.14","6,070.30","6,111.72","5,987.49","600.68M","0.83%"
"06/05/2007","6,050.63","6,079.86","6,081.78","5,927.51","614.73M","-0.30%"
"29/04/2007","6,068.83","5,913.03","6,075.58","5,913.03","480.20M","2.33%"
"22/04/2007","5,930.77","5,937.15","5,981.55","5,860.69","680.26M","-0.14%"
"15/04/2007","5,938.90","5,815.36","5,957.80","5,745.03","711.64M","2.58%"
"08/04/2007","5,789.34","5,750.47","5,798.21","5,701.35","422.22M","0.84%"
"01/04/2007","5,741.38","5,623.40","5,751.33","5,609.28","436.93M","1.90%"
"25/03/2007","5,634.16","5,638.48","5,674.26","5,530.79","610.62M","-0.01%"
"18/03/2007","5,634.75","5,435.37","5,642.19","5,411.54","637.22M","4.69%"
"11/03/2007","5,382.16","5,553.82","5,565.42","5,295.58","813.91M","-2.81%"
"04/03/2007","5,537.84","5,325.14","5,549.30","5,303.29","785.48M","2.09%"
"25/02/2007","5,424.70","5,732.28","5,771.69","5,355.75","1.03B","-5.10%"
"18/02/2007","5,716.38","5,723.05","5,758.33","5,677.59","544.74M","0.05%"
"11/02/2007","5,713.59","5,670.73","5,729.16","5,625.17","593.09M","0.37%"
"04/02/2007","5,692.45","5,671.23","5,711.04","5,652.48","569.20M","0.27%"
"28/01/2007","5,677.30","5,592.73","5,693.47","5,582.43","578.48M","1.70%"
"21/01/2007","5,582.30","5,630.41","5,658.08","5,539.76","784.16M","-0.58%"
"14/01/2007","5,614.70","5,641.37","5,649.76","5,529.44","647.67M","-0.05%"
"07/01/2007","5,617.62","5,532.57","5,619.93","5,473.47","689.03M","1.82%"
"31/12/2006","5,517.35","5,575.76","5,623.67","5,517.35","461.38M","-0.44%"
"24/12/2006","5,541.76","5,482.68","5,553.86","5,478.85","157.87M","1.61%"
"17/12/2006","5,453.94","5,533.08","5,545.00","5,453.11","487.56M","-1.58%"
"10/12/2006","5,541.62","5,413.13","5,553.45","5,401.38","725.83M","2.92%"
"03/12/2006","5,384.16","5,268.24","5,401.49","5,246.38","646.16M","2.48%"
"26/11/2006","5,254.05","5,377.25","5,402.09","5,239.84","773.15M","-2.51%"
"19/11/2006","5,389.46","5,414.31","5,494.34","5,349.67","489.59M","-0.92%"
"12/11/2006","5,439.71","5,445.47","5,518.43","5,422.01","537.79M","-0.14%"
"05/11/2006","5,447.50","5,351.46","5,454.60","5,347.40","553.22M","2.08%"
"29/10/2006","5,336.30","5,352.87","5,387.77","5,290.27","503.05M","-1.11%"
"22/10/2006","5,396.03","5,391.78","5,458.21","5,361.38","650.12M","0.38%"
"15/10/2006","5,375.35","5,359.00","5,399.83","5,298.88","528.71M","0.41%"
"08/10/2006","5,353.23","5,261.87","5,372.81","5,261.77","561.32M","1.35%"
"01/10/2006","5,282.06","5,268.63","5,300.18","5,196.07","561.11M","0.61%"
"24/09/2006","5,250.01","5,156.44","5,285.34","5,126.39","582.62M","2.10%"
"17/09/2006","5,141.95","5,152.90","5,222.83","5,091.94","549.64M","-0.06%"
"10/09/2006","5,144.88","5,042.88","5,165.39","5,018.18","674.40M","1.41%"
"03/09/2006","5,073.57","5,195.18","5,209.06","5,043.76","477.23M","-2.12%"
"27/08/2006","5,183.45","5,104.38","5,206.23","5,083.01","429.46M","1.41%"
"20/08/2006","5,111.13","5,126.74","5,136.22","5,062.94","365.42M","-0.48%"
"13/08/2006","5,135.69","5,019.17","5,157.60","5,015.48","481.36M","3.01%"
"06/08/2006","4,985.52","4,980.44","5,033.19","4,935.96","444.80M","-1.10%"
"30/07/2006","5,040.95","5,024.51","5,060.47","4,932.41","507.53M","0.25%"
"23/07/2006","5,028.51","4,827.07","5,030.78","4,826.17","567.65M","4.36%"
"16/07/2006","4,818.55","4,790.92","4,895.10","4,710.61","563.29M","0.79%"
"09/07/2006","4,780.79","4,939.20","4,989.29","4,780.79","581.81M","-3.49%"
"02/07/2006","4,953.71","4,967.07","4,985.84","4,902.57","470.67M","-0.25%"
"25/06/2006","4,965.96","4,838.72","4,974.53","4,744.58","592.50M","3.08%"
"18/06/2006","4,817.63","4,722.62","4,838.54","4,678.37","590.59M","2.61%"
"11/06/2006","4,694.89","4,757.56","4,801.63","4,564.69","974.11M","-1.54%"
"04/06/2006","4,768.18","4,960.16","4,970.51","4,684.34","702.81M","-3.86%"
"28/05/2006","4,959.70","5,022.86","5,026.36","4,820.06","620.81M","-1.69%"
"21/05/2006","5,045.09","4,934.11","5,045.09","4,798.81","790.95M","2.03%"
"14/05/2006","4,944.57","5,130.53","5,137.43","4,841.77","897.16M","-4.00%"
"07/05/2006","5,150.45","5,297.50","5,329.16","5,150.45","706.27M","-2.57%"
"30/04/2006","5,286.40","5,187.34","5,287.24","5,185.68","454.54M","1.89%"
"23/04/2006","5,188.40","5,227.70","5,261.60","5,169.98","581.32M","-1.22%"
"16/04/2006","5,252.38","5,097.56","5,252.38","5,073.51","421.96M","2.93%"
"09/04/2006","5,102.62","5,170.05","5,197.41","5,058.35","415.50M","-1.40%"
"02/04/2006","5,174.96","5,251.56","5,258.51","5,174.96","592.23M","-0.88%"
"26/03/2006","5,220.85","5,212.39","5,247.31","5,134.34","506.30M","0.04%"
"19/03/2006","5,218.71","5,161.21","5,226.37","5,098.38","681.96M","1.51%"
"12/03/2006","5,141.08","5,094.23","5,171.38","5,085.74","605.56M","1.42%"
"05/03/2006","5,069.27","5,025.72","5,069.27","4,927.59","653.77M","1.61%"
"26/02/2006","4,989.15","5,082.13","5,085.20","4,966.71","698.83M","-1.67%"
"19/02/2006","5,073.95","4,981.31","5,073.95","4,971.25","556.40M","1.48%"
"12/02/2006","5,000.00","4,916.36","5,003.39","4,898.96","543.84M","1.82%"
"05/02/2006","4,910.82","4,949.84","4,963.69","4,875.80","585.39M","-0.54%"
"29/01/2006","4,937.56","4,945.83","5,012.38","4,905.63","669.16M","-0.38%"
"22/01/2006","4,956.60","4,725.00","4,956.60","4,719.33","692.88M","3.84%"
"15/01/2006","4,773.48","4,844.13","4,864.76","4,730.38","569.94M","-1.59%"
"08/01/2006","4,850.53","4,875.12","4,898.05","4,834.24","650.62M","-0.34%"
"01/01/2006","4,867.15","4,731.92","4,867.15","4,727.09","460.89M","3.22%"
"25/12/2005","4,715.23","4,751.15","4,780.05","4,703.34","160.00M","-0.89%"
"18/12/2005","4,757.74","4,705.62","4,768.94","4,674.18","421.57M","1.13%"
"11/12/2005","4,704.41","4,674.04","4,724.09","4,657.72","570.79M","0.93%"
"04/12/2005","4,661.01","4,660.01","4,690.75","4,623.23","433.47M","-0.03%"
"27/11/2005","4,662.50","4,621.61","4,662.50","4,551.28","525.51M","1.35%"
"20/11/2005","4,600.48","4,563.05","4,611.13","4,556.24","414.52M","0.97%"
"13/11/2005","4,556.23","4,530.08","4,577.29","4,494.53","521.33M","0.44%"
"06/11/2005","4,536.49","4,493.31","4,541.82","4,474.23","480.45M","0.84%"
"30/10/2005","4,498.70","4,373.04","4,506.27","4,373.04","508.85M","3.98%"
"23/10/2005","4,326.71","4,371.95","4,441.75","4,288.15","563.41M","-0.91%"
"16/10/2005","4,366.52","4,498.51","4,507.35","4,354.39","532.27M","-2.58%"
"09/10/2005","4,482.13","4,544.05","4,570.49","4,445.83","485.55M","-1.03%"
"02/10/2005","4,528.79","4,610.01","4,651.11","4,514.74","534.85M","-1.55%"
"25/09/2005","4,600.02","4,510.40","4,620.85","4,510.40","501.01M","2.74%"
"18/09/2005","4,477.20","4,486.21","4,536.99","4,424.20","532.46M","-0.72%"
"11/09/2005","4,509.49","4,504.86","4,526.93","4,453.41","539.16M","0.40%"
"04/09/2005","4,491.68","4,404.81","4,498.44","4,404.81","472.23M","1.97%"
"28/08/2005","4,404.95","4,319.93","4,437.86","4,313.34","453.05M","1.43%"
"21/08/2005","4,342.70","4,490.14","4,498.04","4,342.70","365.89M","-3.24%"
"14/08/2005","4,487.90","4,470.41","4,490.53","4,406.02","310.51M","0.26%"
"07/08/2005","4,476.48","4,437.15","4,527.11","4,433.02","395.92M","1.24%"
"31/07/2005","4,421.70","4,457.49","4,503.74","4,421.70","416.46M","-0.67%"
"24/07/2005","4,451.74","4,423.23","4,483.47","4,403.02","500.55M","0.82%"
"17/07/2005","4,415.52","4,381.19","4,465.90","4,357.50","564.54M","0.95%"
"10/07/2005","4,373.77","4,317.90","4,389.49","4,293.67","521.97M","1.71%"
"03/07/2005","4,300.31","4,276.71","4,300.31","4,089.27","564.01M","0.72%"
"26/06/2005","4,269.62","4,172.96","4,269.62","4,149.95","504.33M","1.66%"
"19/06/2005","4,199.87","4,213.40","4,244.84","4,182.67","457.94M","-0.50%"
"12/06/2005","4,220.91","4,192.65","4,246.43","4,179.74","546.91M","0.88%"
"05/06/2005","4,184.10","4,163.55","4,195.10","4,139.42","479.14M","0.52%"
"29/05/2005","4,162.47","4,108.95","4,198.20","4,097.96","420.28M","0.74%"
"22/05/2005","4,131.83","4,113.33","4,142.54","4,083.53","466.20M","0.87%"
"15/05/2005","4,096.18","3,990.46","4,112.06","3,990.46","453.74M","1.95%"
"08/05/2005","4,017.89","4,028.51","4,035.65","3,977.11","442.41M","-0.39%"
"01/05/2005","4,033.46","3,928.71","4,041.17","3,920.88","354.40M","3.11%"
"24/04/2005","3,911.71","3,973.75","4,000.12","3,882.42","533.75M","-1.72%"
"17/04/2005","3,980.18","3,975.25","3,985.80","3,930.63","558.05M","-1.29%"
"10/04/2005","4,032.28","4,107.00","4,126.52","4,032.28","495.89M","-2.23%"
"03/04/2005","4,124.29","4,067.81","4,143.93","4,029.95","494.49M","1.08%"
"27/03/2005","4,080.08","4,056.43","4,097.07","4,043.90","349.27M","0.04%"
"20/03/2005","4,078.31","4,045.97","4,080.90","4,009.01","320.79M","0.68%"
"13/03/2005","4,050.77","4,046.42","4,083.41","4,011.21","445.47M","0.04%"
"06/03/2005","4,049.18","4,094.37","4,108.00","4,033.70","476.07M","-1.04%"
"27/02/2005","4,091.58","4,043.73","4,091.58","4,023.61","470.04M","1.41%"
"20/02/2005","4,034.57","4,034.19","4,040.38","3,951.60","537.95M","0.14%"
"13/02/2005","4,029.02","4,013.90","4,042.27","3,995.10","477.84M","0.31%"
"06/02/2005","4,016.75","3,968.97","4,016.75","3,955.67","473.97M","1.48%"
"30/01/2005","3,958.01","3,895.90","3,960.27","3,893.75","560.81M","2.26%"
"23/01/2005","3,870.35","3,840.57","3,899.42","3,819.95","448.41M","0.42%"
"16/01/2005","3,854.19","3,865.40","3,892.19","3,829.16","428.19M","-0.01%"
"09/01/2005","3,854.60","3,890.39","3,897.36","3,804.92","505.10M","-0.60%"
"02/01/2005","3,877.96","3,830.58","3,884.73","3,824.05","427.83M","1.49%"
"26/12/2004","3,821.16","3,812.68","3,838.88","3,801.78","168.05M","-0.04%"
"19/12/2004","3,822.76","3,742.82","3,823.53","3,742.61","296.32M","2.08%"
"12/12/2004","3,744.92","3,777.07","3,829.80","3,742.94","539.70M","-0.62%"
"05/12/2004","3,768.42","3,765.09","3,800.49","3,735.55","458.57M","-0.40%"
"28/11/2004","3,783.51","3,787.09","3,824.60","3,744.36","524.17M","0.03%"
"21/11/2004","3,782.20","3,776.52","3,807.38","3,754.14","390.92M","-0.44%"
"14/11/2004","3,798.78","3,848.09","3,856.01","3,781.81","536.08M","-0.95%"
"07/11/2004","3,835.11","3,782.35","3,850.16","3,767.12","458.55M","1.43%"
"31/10/2004","3,780.99","3,697.94","3,811.60","3,697.94","456.57M","2.00%"
"24/10/2004","3,706.82","3,636.27","3,738.59","3,599.37","511.14M","0.53%"
"17/10/2004","3,687.17","3,679.77","3,723.44","3,650.62","541.57M","0.45%"
"10/10/2004","3,670.76","3,733.83","3,735.41","3,638.14","462.07M","-1.80%"
"03/10/2004","3,737.87","3,749.05","3,787.39","3,717.02","540.76M","0.21%"
"26/09/2004","3,730.16","3,678.42","3,730.16","3,634.07","604.97M","1.54%"
"19/09/2004","3,673.51","3,716.70","3,740.51","3,642.04","494.83M","-1.41%"
"12/09/2004","3,726.22","3,691.11","3,736.67","3,677.48","501.57M","1.32%"
"05/09/2004","3,677.61","3,671.27","3,688.63","3,635.52","445.46M","0.32%"
"29/08/2004","3,665.94","3,650.78","3,674.30","3,583.74","551.09M","0.46%"
"22/08/2004","3,649.24","3,567.09","3,649.24","3,555.27","306.43M","3.14%"
"15/08/2004","3,538.02","3,470.33","3,572.15","3,452.41","339.70M","1.53%"
"08/08/2004","3,484.84","3,529.34","3,542.35","3,460.90","455.85M","-1.24%"
"01/08/2004","3,528.64","3,622.85","3,655.11","3,525.87","448.80M","-3.25%"
"25/07/2004","3,647.10","3,568.33","3,662.06","3,530.96","515.28M","2.24%"
"18/07/2004","3,567.29","3,601.05","3,657.51","3,560.66","401.16M","-1.19%"
"11/07/2004","3,610.40","3,650.86","3,680.83","3,607.90","366.37M","-1.58%"
"04/07/2004","3,668.48","3,683.70","3,702.60","3,627.96","366.05M","-0.45%"
"27/06/2004","3,685.06","3,739.15","3,778.76","3,673.33","514.79M","-1.53%"
"20/06/2004","3,742.38","3,753.30","3,768.05","3,693.80","504.69M","0.04%"
"13/06/2004","3,740.90","3,689.40","3,744.17","3,636.76","526.94M","1.12%"
"06/06/2004","3,699.38","3,711.99","3,738.12","3,686.43","377.55M","0.01%"
"30/05/2004","3,698.87","3,645.82","3,704.64","3,613.42","371.14M","1.28%"
"23/05/2004","3,652.03","3,605.00","3,696.69","3,593.59","499.29M","1.25%"
"16/05/2004","3,607.02","3,553.07","3,652.49","3,520.61","477.42M","0.10%"
"09/05/2004","3,603.26","3,593.30","3,621.48","3,553.35","604.13M","-1.37%"
"02/05/2004","3,653.18","3,652.30","3,734.69","3,623.60","528.66M","-0.57%"
"25/04/2004","3,674.28","3,790.14","3,831.54","3,661.91","699.59M","-3.60%"
"18/04/2004","3,811.43","3,741.95","3,829.22","3,721.98","564.64M","1.60%"
"11/04/2004","3,751.59","3,765.80","3,794.25","3,696.81","398.83M","0.31%"
"04/04/2004","3,740.11","3,753.19","3,794.20","3,727.23","388.81M","0.01%"
"28/03/2004","3,739.91","3,594.42","3,751.93","3,584.60","486.19M","4.11%"
"21/03/2004","3,592.39","3,580.43","3,606.86","3,489.53","566.26M","-0.58%"
"14/03/2004","3,613.28","3,652.10","3,663.22","3,543.11","550.53M","-1.32%"
"07/03/2004","3,661.78","3,772.75","3,785.58","3,569.73","636.11M","-2.64%"
"29/02/2004","3,761.11","3,735.30","3,789.33","3,729.98","513.99M","0.96%"
"22/02/2004","3,725.44","3,741.48","3,760.06","3,666.88","554.71M","-0.21%"
"15/02/2004","3,733.28","3,655.73","3,765.66","3,649.76","411.26M","2.30%"
"08/02/2004","3,649.34","3,637.29","3,698.67","3,637.29","470.01M","0.68%"
"01/02/2004","3,624.72","3,660.29","3,676.64","3,594.71","528.53M","-0.38%"
"25/01/2004","3,638.44","3,693.29","3,724.29","3,638.44","577.38M","-1.49%"
"18/01/2004","3,693.36","3,677.73","3,713.83","3,650.86","519.90M","0.59%"
"11/01/2004","3,671.80","3,564.84","3,681.79","3,548.22","598.51M","2.71%"
"04/01/2004","3,574.80","3,591.72","3,615.83","3,548.18","566.17M","-0.61%"
"28/12/2003","3,596.80","3,508.39","3,597.02","3,498.76","165.11M","2.46%"
"21/12/2003","3,510.30","3,476.00","3,516.54","3,476.00","145.89M","0.24%"
"14/12/2003","3,502.04","3,521.64","3,525.80","3,461.83","500.12M","0.91%"
"07/12/2003","3,470.60","3,432.78","3,500.53","3,417.56","419.12M","0.39%"
"30/11/2003","3,457.14","3,450.66","3,511.28","3,440.72","504.99M","0.94%"
"23/11/2003","3,424.79","3,372.35","3,450.15","3,369.58","631.88M","1.74%"
"16/11/2003","3,366.12","3,396.03","3,406.53","3,287.93","490.30M","-2.39%"
"09/11/2003","3,448.60","3,426.31","3,461.35","3,388.12","382.60M","-0.13%"
"02/11/2003","3,453.13","3,381.98","3,472.83","3,372.18","507.00M","2.37%"
"26/10/2003","3,373.20","3,283.82","3,417.64","3,279.22","463.98M","3.27%"
"19/10/2003","3,266.27","3,338.74","3,395.79","3,239.05","456.82M","-2.61%"
"12/10/2003","3,353.72","3,313.92","3,403.76","3,313.92","461.29M","1.44%"
"05/10/2003","3,306.12","3,291.85","3,345.36","3,229.34","425.02M","0.30%"
"28/09/2003","3,296.36","3,215.66","3,299.88","3,110.93","623.49M","2.47%"
"21/09/2003","3,216.76","3,334.62","3,336.65","3,177.96","615.68M","-4.65%"
"14/09/2003","3,373.64","3,336.59","3,424.26","3,332.94","490.92M","1.54%"
"07/09/2003","3,322.56","3,385.66","3,431.37","3,301.54","581.46M","-2.07%"
"31/08/2003","3,392.75","3,335.98","3,435.79","3,335.54","733.11M","2.46%"
"24/08/2003","3,311.42","3,310.31","3,353.94","3,249.88","426.11M","-0.53%"
"17/08/2003","3,328.99","3,301.25","3,347.55","3,261.44","457.95M","1.52%"
"10/08/2003","3,279.21","3,184.37","3,298.82","3,168.93","335.97M","3.59%"
"03/08/2003","3,165.49","3,164.01","3,206.18","3,105.37","414.89M","-0.13%"
"27/07/2003","3,169.63","3,142.30","3,220.55","3,128.64","671.56M","1.94%"
"20/07/2003","3,109.32","3,157.76","3,158.04","3,060.50","408.30M","-0.64%"
"13/07/2003","3,129.21","3,153.44","3,206.03","3,102.38","430.54M","-0.29%"
"06/07/2003","3,138.27","3,097.92","3,203.35","3,076.35","443.39M","2.14%"
"29/06/2003","3,072.40","3,094.82","3,137.19","3,008.72","481.12M","-1.18%"
"22/06/2003","3,109.02","3,164.34","3,176.14","3,071.19","684.77M","-2.54%"
"15/06/2003","3,190.11","3,095.96","3,228.60","3,077.14","623.56M","2.61%"
"08/06/2003","3,108.94","3,074.99","3,170.73","3,042.97","549.39M","0.51%"
"01/06/2003","3,093.21","3,018.66","3,112.78","2,990.32","621.46M","3.39%"
"25/05/2003","2,991.75","2,883.79","3,012.92","2,826.81","479.34M","3.26%"
"18/05/2003","2,897.16","2,932.98","2,932.98","2,814.34","619.83M","-3.26%"
"11/05/2003","2,994.87","2,992.66","3,036.27","2,922.14","507.15M","0.91%"
"04/05/2003","2,967.89","2,992.51","3,070.62","2,902.32","545.46M","0.16%"
"27/04/2003","2,963.12","2,858.83","3,015.42","2,853.23","511.95M","3.36%"
"20/04/2003","2,866.74","2,916.17","3,000.91","2,861.63","469.76M","-1.10%"
"13/04/2003","2,898.61","2,836.34","2,991.06","2,808.09","515.83M","2.13%"
"06/04/2003","2,838.14","2,920.89","2,989.35","2,802.96","809.89M","0.01%"
"30/03/2003","2,837.96","2,666.77","2,863.33","2,596.83","666.01M","3.84%"
"23/03/2003","2,733.00","2,841.63","2,842.62","2,644.22","623.79M","-5.45%"
"16/03/2003","2,890.68","2,632.84","2,909.96","2,623.05","623.08M","5.50%"
"09/03/2003","2,740.01","2,581.21","2,740.01","2,401.15","712.10M","6.41%"
"02/03/2003","2,574.91","2,770.68","2,796.73","2,569.33","495.98M","-6.51%"
"23/02/2003","2,754.07","2,828.84","2,850.05","2,633.19","658.47M","-2.68%"
"16/02/2003","2,829.83","2,870.40","2,950.75","2,781.73","430.65M","0.07%"
"09/02/2003","2,827.75","2,801.74","2,859.43","2,727.03","465.26M","1.11%"
"02/02/2003","2,796.66","2,973.93","2,983.99","2,792.63","514.17M","-4.81%"
"26/01/2003","2,937.88","2,874.40","2,943.16","2,733.51","660.19M","1.36%"
"19/01/2003","2,898.60","3,049.60","3,076.31","2,894.58","608.65M","-5.18%"
"12/01/2003","3,056.93","3,169.89","3,215.49","3,055.67","660.05M","-3.27%"
"05/01/2003","3,160.13","3,204.81","3,232.34","3,054.33","504.23M","-0.87%"
"29/12/2002","3,187.88","3,021.67","3,217.78","2,984.02","275.32M","5.85%"
"22/12/2002","3,011.83","3,105.94","3,114.17","3,004.06","119.58M","-2.30%"
"15/12/2002","3,082.85","3,071.13","3,202.81","3,016.87","551.69M","0.20%"
"08/12/2002","3,076.85","3,234.06","3,234.06","3,054.12","572.37M","-3.42%"
"01/12/2002","3,185.77","3,327.07","3,393.04","3,096.98","693.14M","-4.23%"
"24/11/2002","3,326.65","3,330.15","3,360.29","3,181.84","778.49M","0.63%"
"17/11/2002","3,305.78","3,168.97","3,314.83","3,124.43","516.26M","4.53%"
"10/11/2002","3,162.39","3,035.84","3,199.19","2,979.43","517.27M","3.41%"
"03/11/2002","3,058.18","3,168.30","3,310.44","3,043.10","553.13M","-1.65%"
"27/10/2002","3,109.51","3,143.66","3,165.38","2,962.44","665.69M","1.72%"
"20/10/2002","3,056.88","3,140.43","3,228.35","2,992.23","571.23M","-3.17%"
"13/10/2002","3,156.99","2,876.48","3,236.15","2,849.73","717.11M","8.78%"
"06/10/2002","2,902.27","2,730.61","2,902.27","2,612.03","627.47M","4.93%"
"29/09/2002","2,765.90","2,846.37","2,958.92","2,725.92","601.10M","-6.26%"
"22/09/2002","2,950.52","2,893.33","2,978.94","2,666.04","687.25M","2.07%"
"15/09/2002","2,890.82","3,188.15","3,248.23","2,866.52","694.91M","-8.41%"
"08/09/2002","3,156.17","3,233.07","3,402.30","3,115.01","521.64M","-2.79%"
"01/09/2002","3,246.67","3,345.64","3,349.17","3,068.11","525.90M","-3.55%"
"25/08/2002","3,366.21","3,505.09","3,574.39","3,309.95","458.16M","-4.53%"
"18/08/2002","3,526.09","3,344.77","3,600.42","3,344.24","495.88M","4.50%"
"11/08/2002","3,374.09","3,416.68","3,435.00","3,240.81","399.73M","-2.14%"
"04/08/2002","3,447.94","3,281.69","3,449.46","3,013.80","544.29M","6.24%"
"28/07/2002","3,245.37","3,203.83","3,515.70","3,183.93","595.42M","2.29%"
"21/07/2002","3,172.56","3,298.03","3,298.03","2,898.60","752.50M","-4.56%"
"14/07/2002","3,324.04","3,504.30","3,559.56","3,198.34","635.03M","-5.39%"
"07/07/2002","3,513.34","3,835.08","3,895.66","3,459.22","608.58M","-9.06%"
"30/06/2002","3,863.28","3,886.12","3,973.93","3,623.33","767.55M","-0.89%"
"23/06/2002","3,897.99","3,798.85","3,897.99","3,561.24","786.77M","2.59%"
"16/06/2002","3,799.53","3,878.43","4,047.52","3,736.23","544.14M","-1.13%"
"09/06/2002","3,843.07","4,055.00","4,114.08","3,785.41","475.51M","-4.41%"
"02/06/2002","4,020.27","4,247.58","4,294.50","3,968.67","428.13M","-5.95%"
"26/05/2002","4,274.64","4,334.88","4,418.73","4,249.85","479.91M","-1.45%"
"19/05/2002","4,337.43","4,454.89","4,467.63","4,311.79","371.49M","-2.37%"
"12/05/2002","4,442.94","4,291.53","4,497.46","4,281.95","465.90M","2.61%"
"05/05/2002","4,329.84","4,361.65","4,428.65","4,239.72","371.07M","-0.58%"
"28/04/2002","4,354.92","4,432.13","4,494.79","4,352.34","473.60M","-2.20%"
"21/04/2002","4,453.08","4,597.21","4,597.71","4,401.77","455.61M","-3.33%"
"14/04/2002","4,606.42","4,487.65","4,653.10","4,463.96","389.38M","3.09%"
"07/04/2002","4,468.29","4,504.18","4,547.64","4,415.75","433.26M","-1.05%"
"31/03/2002","4,515.70","4,673.03","4,688.16","4,506.87","330.82M","-3.68%"
"24/03/2002","4,688.02","4,597.31","4,696.18","4,565.27","378.66M","1.88%"
"17/03/2002","4,601.57","4,600.79","4,652.54","4,569.40","439.61M","0.29%"
"10/03/2002","4,588.33","4,619.77","4,642.56","4,514.72","445.64M","-0.88%"
"03/03/2002","4,629.11","4,538.71","4,671.00","4,538.71","528.65M","3.18%"
"24/02/2002","4,486.42","4,270.55","4,495.31","4,240.26","470.82M","5.68%"
"17/02/2002","4,245.20","4,351.78","4,376.76","4,210.30","445.89M","-3.01%"
"10/02/2002","4,377.00","4,341.19","4,434.93","4,306.74","379.58M","1.81%"
"03/02/2002","4,299.04","4,459.52","4,459.52","4,228.38","458.83M","-3.51%"
"27/01/2002","4,455.56","4,498.77","4,563.38","4,385.57","459.86M","-0.64%"
"20/01/2002","4,484.31","4,438.39","4,527.28","4,386.39","413.33M","0.80%"
"13/01/2002","4,448.85","4,526.42","4,530.67","4,419.14","408.14M","-2.32%"
"06/01/2002","4,554.69","4,673.45","4,706.58","4,503.61","426.72M","-2.74%"
"30/12/2001","4,682.79","4,617.95","4,720.04","4,567.92","185.23M","1.26%"
"23/12/2001","4,624.58","4,487.17","4,630.19","4,470.50","91.20M","2.78%"
"16/12/2001","4,499.34","4,366.00","4,515.73","4,328.77","356.89M","3.67%"
"09/12/2001","4,340.02","4,614.93","4,619.26","4,340.02","429.79M","-6.52%"
"02/12/2001","4,642.94","4,439.55","4,735.21","4,401.36","385.70M","3.73%"
"25/11/2001","4,476.06","4,620.71","4,639.84","4,392.67","476.52M","-2.14%"
"18/11/2001","4,573.82","4,620.76","4,686.62","4,536.40","377.61M","-0.29%"
"11/11/2001","4,587.30","4,512.43","4,643.51","4,329.74","471.10M","1.62%"
"04/11/2001","4,514.28","4,392.05","4,589.08","4,389.77","425.39M","3.32%"
"28/10/2001","4,369.40","4,465.67","4,465.67","4,201.81","336.02M","-2.44%"
"21/10/2001","4,478.63","4,281.78","4,546.42","4,243.12","416.96M","5.01%"
"14/10/2001","4,264.89","4,295.21","4,458.04","4,193.01","439.28M","-1.66%"
"07/10/2001","4,336.88","4,102.93","4,407.67","4,031.09","467.94M","4.13%"
"30/09/2001","4,164.76","4,097.22","4,232.66","3,914.39","471.92M","2.10%"
"23/09/2001","4,079.02","3,713.76","4,117.84","3,713.76","544.97M","11.67%"
"16/09/2001","3,652.87","3,861.08","4,024.95","3,463.07","620.98M","-6.56%"
"09/09/2001","3,909.49","4,372.13","4,479.31","3,858.37","566.19M","-11.42%"
"02/09/2001","4,413.51","4,712.09","4,712.09","4,396.55","457.81M","-5.88%"
"26/08/2001","4,689.34","4,917.14","4,963.86","4,668.19","389.41M","-4.62%"
"19/08/2001","4,916.56","4,770.50","4,919.91","4,724.55","265.02M","2.91%"
"12/08/2001","4,777.37","4,903.73","5,003.21","4,753.12","256.79M","-1.42%"
"05/08/2001","4,846.02","5,017.63","5,096.85","4,822.29","294.80M","-3.68%"
"29/07/2001","5,031.29","4,982.39","5,204.20","4,946.12","321.28M","1.29%"
"22/07/2001","4,967.15","4,861.66","4,968.06","4,773.17","345.53M","1.77%"
"15/07/2001","4,880.70","5,036.62","5,036.62","4,825.88","308.37M","-2.88%"
"08/07/2001","5,025.24","5,008.86","5,067.41","4,880.51","368.95M","0.52%"
"01/07/2001","4,999.36","5,215.75","5,299.90","4,992.46","380.53M","-4.32%"
"24/06/2001","5,225.33","5,145.44","5,230.55","4,967.61","404.35M","0.80%"
"17/06/2001","5,183.67","5,225.94","5,248.34","5,114.73","370.67M","-1.15%"
"10/06/2001","5,243.84","5,432.25","5,478.58","5,192.35","397.36M","-3.60%"
"03/06/2001","5,439.93","5,474.47","5,546.60","5,431.72","246.31M","0.13%"
"27/05/2001","5,432.71","5,584.54","5,644.41","5,387.76","430.78M","-2.67%"
"20/05/2001","5,581.94","5,647.35","5,728.52","5,568.23","306.41M","-1.00%"
"13/05/2001","5,638.24","5,523.33","5,658.26","5,433.31","397.95M","1.28%"
"06/05/2001","5,567.25","5,492.08","5,624.51","5,440.74","262.40M","2.05%"
"29/04/2001","5,455.55","5,580.46","5,670.02","5,378.36","270.43M","-2.16%"
"22/04/2001","5,575.97","5,424.32","5,607.12","5,370.51","310.47M","2.32%"
"15/04/2001","5,449.34","5,271.24","5,533.80","5,216.57","286.94M","1.43%"
"08/04/2001","5,372.71","5,106.66","5,403.87","5,102.41","221.56M","4.53%"
"01/04/2001","5,139.71","5,218.48","5,232.95","4,872.92","293.80M","-0.79%"
"25/03/2001","5,180.45","5,004.25","5,243.20","4,982.61","322.21M","4.63%"
"18/03/2001","4,951.13","5,100.08","5,170.88","4,804.40","333.60M","-3.01%"
"11/03/2001","5,104.77","5,326.11","5,326.11","4,965.47","304.84M","-4.92%"
"04/03/2001","5,368.89","5,325.03","5,507.26","5,274.83","269.50M","1.45%"
"25/02/2001","5,291.92","5,372.98","5,451.09","5,259.94","349.79M","-0.58%"
"18/02/2001","5,322.84","5,570.57","5,640.42","5,302.79","272.77M","-4.87%"
"11/02/2001","5,595.13","5,700.31","5,791.24","5,583.08","282.98M","-2.05%"
"04/02/2001","5,712.36","5,795.73","5,859.35","5,701.64","242.70M","-1.96%"
"28/01/2001","5,826.37","5,930.20","5,999.18","5,823.80","272.85M","-1.67%"
"21/01/2001","5,925.62","5,844.97","5,959.81","5,803.80","298.98M","1.37%"
"14/01/2001","5,845.73","5,811.33","5,962.80","5,749.07","292.02M","0.20%"
"07/01/2001","5,834.34","5,715.80","5,841.82","5,603.92","292.64M","1.33%"
"31/12/2000","5,758.02","5,956.15","5,956.15","5,631.32","232.64M","-2.84%"
"24/12/2000","5,926.42","5,769.24","5,981.40","5,769.24","73.06M","2.47%"
"17/12/2000","5,783.73","5,832.70","5,972.42","5,673.87","252.64M","-0.96%"
"10/12/2000","5,839.54","6,005.62","6,126.41","5,818.57","292.21M","-1.68%"
"03/12/2000","5,939.32","5,933.31","6,108.54","5,763.18","309.49M","0.18%"
"26/11/2000","5,928.50","6,198.67","6,254.17","5,893.54","286.54M","-3.53%"
"19/11/2000","6,145.65","6,178.57","6,195.41","5,933.08","243.18M","-0.26%"
"12/11/2000","6,161.92","6,104.99","6,312.78","5,996.72","211.93M","0.23%"
"05/11/2000","6,147.49","6,459.50","6,459.50","6,137.59","219.46M","-3.93%"
"29/10/2000","6,398.92","6,232.00","6,444.98","6,230.91","223.38M","2.07%"
"22/10/2000","6,268.93","6,123.19","6,323.74","6,120.09","230.18M","1.94%"
"15/10/2000","6,149.44","6,158.34","6,183.46","5,833.63","246.29M","1.41%"
"08/10/2000","6,064.21","6,220.08","6,227.63","5,828.14","264.89M","-3.10%"
"01/10/2000","6,258.41","6,150.49","6,434.50","6,150.49","212.91M","-0.13%"
"24/09/2000","6,266.63","6,344.18","6,372.14","6,233.98","204.84M","0.13%"
"17/09/2000","6,258.58","6,562.14","6,584.17","6,085.40","265.26M","-5.38%"
"10/09/2000","6,614.65","6,722.93","6,735.58","6,564.60","224.11M","-1.32%"
"03/09/2000","6,703.36","6,823.17","6,944.77","6,693.04","198.59M","-1.62%"
"27/08/2000","6,813.66","6,598.82","6,843.86","6,561.70","243.79M","3.31%"
"20/08/2000","6,595.11","6,559.52","6,615.34","6,449.65","167.10M","0.01%"
"13/08/2000","6,594.35","6,613.37","6,712.30","6,554.79","118.79M","0.63%"
"06/08/2000","6,553.00","6,462.22","6,619.24","6,447.95","146.89M","1.42%"
"30/07/2000","6,461.35","6,412.52","6,573.22","6,354.93","190.40M","0.71%"
"23/07/2000","6,415.72","6,474.32","6,582.48","6,396.13","203.25M","-0.75%"
"16/07/2000","6,464.12","6,605.32","6,631.48","6,450.80","161.77M","-1.62%"
"09/07/2000","6,570.36","6,471.90","6,588.11","6,422.72","139.62M","0.07%"
"02/07/2000","6,565.97","6,462.03","6,572.66","6,393.12","172.13M","1.85%"
"25/06/2000","6,446.54","6,548.67","6,634.61","6,391.64","199.98M","-1.51%"
"18/06/2000","6,545.35","6,436.47","6,591.63","6,417.89","216.01M","1.38%"
"11/06/2000","6,456.26","6,510.82","6,644.17","6,456.26","161.04M","-1.42%"
"04/06/2000","6,549.05","6,678.77","6,697.31","6,456.56","150.35M","-1.87%"
"28/05/2000","6,673.52","6,185.99","6,780.66","6,181.83","215.58M","8.88%"
"21/05/2000","6,129.15","6,184.04","6,249.18","6,003.90","227.75M","-1.08%"
"14/05/2000","6,196.05","6,421.79","6,571.65","6,186.76","157.25M","-3.93%"
"07/05/2000","6,449.27","6,563.83","6,591.44","6,162.25","129.24M","-1.47%"
"30/04/2000","6,545.76","6,489.04","6,575.17","6,399.99","100.37M","1.96%"
"23/04/2000","6,419.72","6,219.41","6,461.52","6,162.09","111.82M","2.97%"
"16/04/2000","6,234.51","5,772.87","6,258.77","5,752.44","106.90M","2.78%"
"09/04/2000","6,065.71","6,393.70","6,429.51","6,050.19","129.75M","-3.84%"
"02/04/2000","6,308.04","6,382.28","6,382.28","5,913.71","177.64M","0.35%"
"26/03/2000","6,286.05","6,409.58","6,584.37","6,166.82","138.21M","-1.23%"
"19/03/2000","6,364.26","6,328.04","6,460.81","6,176.62","130.33M","0.95%"
"12/03/2000","6,304.28","6,477.47","6,483.81","6,144.07","156.25M","-3.16%"
"05/03/2000","6,510.28","6,554.95","6,590.35","6,333.46","128.07M","-0.06%"
"27/02/2000","6,514.11","6,181.05","6,555.87","6,031.69","150.44M","5.26%"
"20/02/2000","6,188.64","5,979.13","6,202.53","5,920.61","144.87M","2.08%"
"13/02/2000","6,062.72","6,241.91","6,330.01","5,997.77","131.98M","-3.57%"
"06/02/2000","6,287.01","6,276.47","6,396.97","6,148.47","148.19M","0.18%"
"30/01/2000","6,275.72","5,677.79","6,312.42","5,625.72","188.06M","9.50%"
"23/01/2000","5,731.05","5,687.36","5,813.28","5,590.17","146.31M","0.88%"
"16/01/2000","5,681.32","5,834.75","5,859.44","5,590.19","159.52M","-1.83%"
"09/01/2000","5,787.44","5,625.82","5,804.16","5,536.50","153.71M","4.47%"
"02/01/2000","5,539.61","6,024.38","6,102.12","5,388.85","148.55M","-7.03%"